Date,price
2009-01-01,19.398202896118164
2009-01-04,19.415084838867188
2009-01-05,19.555679321289062
2009-01-06,19.741283416748047
2009-01-07,19.313844680786133
2009-01-08,19.516315460205078
2009-01-11,18.99325180053711
2009-01-12,19.077619552612305
2009-01-13,19.25760269165039
2009-01-14,18.47581672668457
2009-01-15,18.723295211791992
2009-01-18,18.74578857421875
2009-01-19,18.17211151123047
2009-01-20,18.155241012573242
2009-01-21,18.194610595703125
2009-01-22,17.879642486572266
2009-01-26,17.964012145996094
2009-01-27,18.256473541259766
2009-01-28,18.397079467773438
2009-01-29,18.509572982788086
2009-02-01,18.363332748413086
2009-02-02,18.33521842956543
2009-02-03,18.009008407592773
2009-02-04,17.91901397705078
2009-02-05,18.110246658325195
2009-02-08,18.436447143554688
2009-02-09,18.267728805541992
2009-02-10,18.2508487701416
2009-02-11,18.346460342407227
2009-02-12,18.616426467895508
2009-02-15,18.419578552246094
2009-02-16,18.160856246948242
2009-02-17,17.845901489257812
2009-02-18,18.110246658325195
2009-02-19,17.834651947021484
2009-02-22,17.649049758911133
2009-02-23,17.620925903320312
2009-02-24,17.5759334564209
2009-02-25,17.604053497314453
2009-02-26,17.401578903198242
2009-03-01,17.165359497070312
2009-03-02,17.002256393432617
2009-03-03,17.097867965698242
2009-03-04,16.856019973754883
2009-03-05,16.709789276123047
2009-03-08,16.61979866027832
2009-03-09,17.407197952270508
2009-03-10,17.29471778869629
2009-03-11,17.182235717773438
2009-03-12,17.744657516479492
2009-03-15,17.823406219482422
2009-03-16,18.73454475402832
2009-03-17,18.357711791992188
2009-03-18,18.565811157226562
2009-03-19,18.436447143554688
2009-03-22,19.572559356689453
2009-03-23,19.094497680664062
2009-03-24,19.22947883605957
2009-03-25,19.460071563720703
2009-03-26,19.60068130493164
2009-03-29,19.741283416748047
2009-03-30,18.97638702392578
2009-03-31,19.398202896118164
2009-04-01,19.538814544677734
2009-04-02,19.988759994506836
2009-04-06,20.03375244140625
2009-04-07,19.67380142211914
2009-04-08,19.25760269165039
2009-04-09,19.5444393157959
2009-04-14,19.859392166137695
2009-04-15,20.18560791015625
2009-04-16,20.089998245239258
2009-04-17,20.06749725341797
2009-04-20,20.061866760253906
2009-04-21,19.662548065185547
2009-04-22,19.51068878173828
2009-04-23,19.95500373840332
2009-04-24,19.977508544921875
2009-04-27,19.865020751953125
2009-04-28,19.752538681030273
2009-04-29,19.662548065185547
2009-04-30,20.106863021850586
2009-05-01,20.174354553222656
2009-05-04,20.641170501708984
2009-05-05,20.826778411865234
2009-05-06,20.899900436401367
2009-05-07,20.98988914489746
2009-05-08,21.03487777709961
2009-05-11,20.928009033203125
2009-05-12,20.646800994873047
2009-05-13,20.579313278198242
2009-05-14,20.151866912841797
2009-05-15,20.089998245239258
2009-05-18,19.9943904876709
2009-05-19,20.584936141967773
2009-05-20,20.466821670532227
2009-05-21,20.410581588745117
2009-05-22,20.106863021850586
2009-05-25,19.983135223388672
2009-05-26,20.224979400634766
2009-05-27,20.331838607788086
2009-05-28,20.2193546295166
2009-05-29,20.455575942993164
2009-06-01,20.81552505493164
2009-06-02,21.141735076904297
2009-06-03,21.434206008911133
2009-06-04,21.046125411987305
2009-06-05,21.259849548339844
2009-06-09,21.068626403808594
2009-06-10,21.53544044494629
2009-06-11,21.681673049926758
2009-06-12,21.76603889465332
2009-06-15,21.5860538482666
2009-06-16,21.220474243164062
2009-06-17,20.708667755126953
2009-06-18,20.905513763427734
2009-06-19,20.871774673461914
2009-06-22,20.984254837036133
2009-06-23,20.32059097290039
2009-06-24,20.03375244140625
2009-06-25,20.80991554260254
2009-06-26,20.534317016601562
2009-06-29,20.41620445251465
2009-06-30,20.725540161132812
2009-07-01,20.376834869384766
2009-07-02,20.40495491027832
2009-07-03,19.94375991821289
2009-07-06,19.91002082824707
2009-07-07,19.831281661987305
2009-07-08,19.803152084350586
2009-07-09,19.78628921508789
2009-07-10,19.932512283325195
2009-07-13,19.65692710876465
2009-07-14,20.32059097290039
2009-07-15,21.541059494018555
2009-07-16,21.023635864257812
2009-07-17,21.012380599975586
2009-07-20,21.29921531677246
2009-07-21,21.30484390258789
2009-07-22,21.344213485717773
2009-07-23,21.372333526611328
2009-07-24,21.5129451751709
2009-07-27,21.76603889465332
2009-07-28,21.917884826660156
2009-07-29,21.78291130065918
2009-07-30,21.372333526611328
2009-07-31,22.29471778869629
2009-08-03,22.37908172607422
2009-08-04,22.722164154052734
2009-08-05,22.418460845947266
2009-08-06,22.722164154052734
2009-08-07,22.547809600830078
2009-08-10,22.620933532714844
2009-08-11,22.800907135009766
2009-08-12,22.76715660095215
2009-08-13,23.318342208862305
2009-08-14,23.45895004272461
2009-08-17,23.082128524780273
2009-08-18,23.06525421142578
2009-08-19,23.04275131225586
2009-08-20,23.054004669189453
2009-08-21,22.598432540893555
2009-08-24,23.363330841064453
2009-08-25,23.278974533081055
2009-08-26,23.577056884765625
2009-08-27,21.372333526611328
2009-08-28,23.757036209106445
2009-08-31,23.734542846679688
2009-09-01,23.96513557434082
2009-09-02,23.520814895629883
2009-09-03,23.470197677612305
2009-09-04,23.728912353515625
2009-09-07,23.655799865722656
2009-09-08,24.04387855529785
2009-09-09,24.184486389160156
2009-09-10,24.26884651184082
2009-09-11,24.392574310302734
2009-09-14,24.302589416503906
2009-09-15,24.11136245727539
2009-09-16,24.724416732788086
2009-09-17,25.078746795654297
2009-09-18,24.926891326904297
2009-09-21,24.848146438598633
2009-09-22,24.746912002563477
2009-09-23,25.129364013671875
2009-09-24,22.4971981048584
2009-09-25,25.073123931884766
2009-09-28,24.79752540588379
2009-09-29,25.247474670410156
2009-09-30,25.174358367919922
2009-10-01,24.98876190185547
2009-10-02,24.493824005126953
2009-10-04,24.341962814331055
2009-10-05,24.43757438659668
2009-10-06,25.005632400512695
2009-10-07,25.33746910095215
2009-10-08,25.286842346191406
2009-10-11,25.433074951171875
2009-10-12,25.444332122802734
2009-10-13,25.658042907714844
2009-10-14,25.92238998413086
2009-10-15,25.725553512573242
2009-10-18,25.46682357788086
2009-10-19,25.759288787841797
2009-10-20,25.725553512573242
2009-10-21,25.596176147460938
2009-10-22,25.832401275634766
2009-10-25,25.680545806884766
2009-10-26,25.264347076416016
2009-10-27,24.88751983642578
2009-10-28,24.325092315673828
2009-10-29,24.656925201416016
2009-11-01,24.12260627746582
2009-11-02,24.027008056640625
2009-11-03,24.105749130249023
2009-11-04,23.948261260986328
2009-11-05,24.454448699951172
2009-11-08,24.943769454956055
2009-11-09,25.236223220825195
2009-11-10,25.34870719909668
2009-11-11,25.298097610473633
2009-11-12,25.134990692138672
2009-11-15,25.388080596923828
2009-11-16,25.42182731628418
2009-11-17,25.320589065551758
2009-11-18,25.3768367767334
2009-11-19,25.022504806518555
2009-11-22,25.22498321533203
2009-11-23,25.01688575744629
2009-11-24,25.32620620727539
2009-11-25,25.1406192779541
2009-11-26,24.353208541870117
2009-11-29,25.084367752075195
2009-11-30,25.179983139038086
2009-12-01,25.449954986572266
2009-12-02,25.478076934814453
2009-12-03,25.09561538696289
2009-12-06,24.983139038085938
2009-12-07,24.910022735595703
2009-12-08,24.741289138793945
2009-12-09,24.589427947998047
2009-12-10,24.758163452148438
2009-12-13,24.83690643310547
2009-12-14,24.97188377380371
2009-12-15,24.89876937866211
2009-12-16,24.88751983642578
2009-12-17,24.85377311706543
2009-12-20,24.87626838684082
2009-12-21,25.056251525878906
2009-12-22,24.949390411376953
2009-12-23,25.22498321533203
2009-12-28,25.56243896484375
2009-12-29,25.590559005737305
2009-12-30,25.641178131103516
2010-01-03,25.67491912841797
2010-01-04,25.92238998413086
2010-01-05,25.905519485473633
2010-01-06,25.79303550720215
2010-01-07,25.838029861450195
2010-01-10,26.102375030517578
2010-01-11,25.826778411865234
2010-01-12,25.613061904907227
2010-01-13,25.815532684326172
2010-01-14,25.76491928100586
2010-01-17,25.89427375793457
2010-01-18,25.596176147460938
2010-01-19,25.596176147460938
2010-01-20,25.393709182739258
2010-01-21,24.983139038085938
2010-01-24,24.85377311706543
2010-01-26,24.769412994384766
2010-01-27,24.64005470275879
2010-01-28,24.071990966796875
2010-01-31,23.85264778137207
2010-02-01,24.235107421875
2010-02-02,24.48257827758789
2010-02-03,24.319473266601562
2010-02-04,23.75141143798828
2010-02-07,23.83577537536621
2010-02-08,23.728912353515625
2010-02-09,23.82452964782715
2010-02-10,24.004505157470703
2010-02-11,24.027008056640625
2010-02-14,23.998878479003906
2010-02-15,24.128244400024414
2010-02-16,24.662555694580078
2010-02-17,24.611927032470703
2010-02-18,24.820035934448242
2010-02-21,24.966266632080078
2010-02-22,24.955015182495117
2010-02-23,24.752540588378906
2010-02-24,24.336349487304688
2010-02-25,24.550064086914062
2010-02-28,24.926891326904297
2010-03-01,25.011253356933594
2010-03-02,25.23059844970703
2010-03-03,25.28122901916504
2010-03-04,25.393709182739258
2010-03-07,25.6018123626709
2010-03-08,25.69179344177246
2010-03-09,25.798662185668945
2010-03-10,25.596176147460938
2010-03-11,25.67491912841797
2010-03-14,25.46682357788086
2010-03-15,25.911144256591797
2010-03-16,25.849275588989258
2010-03-17,25.911144256591797
2010-03-18,25.97300910949707
2010-03-21,25.815532684326172
2010-03-22,26.130495071411133
2010-03-23,26.152996063232422
2010-03-24,26.040504455566406
2010-03-25,26.085498809814453
2010-03-28,26.181100845336914
2010-03-29,26.169857025146484
2010-03-30,26.01238250732422
2010-03-31,26.14173698425293
2010-04-06,26.434202194213867
2010-04-07,26.484821319580078
2010-04-08,26.316097259521484
2010-04-09,26.37795639038086
2010-04-12,26.580427169799805
2010-04-13,26.422943115234375
2010-04-14,26.631044387817383
2010-04-15,26.69292449951172
2010-04-16,26.602930068969727
2010-04-19,26.197980880737305
2010-04-20,26.287965774536133
2010-04-21,26.45107650756836
2010-04-22,26.181100845336914
2010-04-23,26.057373046875
2010-04-27,25.989879608154297
2010-04-28,25.703041076660156
2010-04-29,25.506193161010742
2010-04-30,25.371212005615234
2010-05-03,25.528690338134766
2010-05-04,25.219362258911133
2010-05-05,24.904399871826172
2010-05-06,24.398212432861328
2010-05-07,23.847026824951172
2010-05-10,24.521940231323242
2010-05-11,24.296968460083008
2010-05-12,24.746912002563477
2010-05-13,24.848146438598633
2010-05-14,24.623178482055664
2010-05-17,23.903268814086914
2010-05-18,23.937021255493164
2010-05-19,23.4814453125
2010-05-20,23.138355255126953
2010-05-21,23.025880813598633
2010-05-24,23.475820541381836
2010-05-25,22.879638671875
2010-05-26,23.104618072509766
2010-05-27,23.430830001831055
2010-05-28,23.83577537536621
2010-05-31,23.644548416137695
2010-06-01,23.571428298950195
2010-06-02,23.45331573486328
2010-06-03,24.004505157470703
2010-06-04,23.83577537536621
2010-06-07,23.12148666381836
2010-06-08,23.45895004272461
2010-06-09,23.45331573486328
2010-06-10,23.830150604248047
2010-06-11,24.071990966796875
2010-06-15,24.167619705200195
2010-06-16,24.392574310302734
2010-06-17,24.325092315673828
2010-06-18,24.364456176757812
2010-06-21,24.746912002563477
2010-06-22,24.550064086914062
2010-06-23,24.049497604370117
2010-06-24,23.05962562561035
2010-06-25,23.29584503173828
2010-06-28,23.14398765563965
2010-06-29,22.90777015686035
2010-06-30,22.722164154052734
2010-07-01,22.542194366455078
2010-07-02,22.356584548950195
2010-07-05,22.255352020263672
2010-07-06,22.547809600830078
2010-07-07,22.446575164794922
2010-07-08,22.99775505065918
2010-07-09,23.172109603881836
2010-07-12,23.2508544921875
2010-07-13,23.492698669433594
2010-07-14,23.520814895629883
2010-07-15,23.430830001831055
2010-07-16,23.340831756591797
2010-07-19,22.98088836669922
2010-07-20,23.205856323242188
2010-07-21,23.267719268798828
2010-07-22,23.082128524780273
2010-07-23,23.520814895629883
2010-07-26,23.661422729492188
2010-07-27,23.723289489746094
2010-07-28,23.79078483581543
2010-07-29,23.818904876708984
2010-07-30,23.68954086303711
2010-08-02,23.94264030456543
2010-08-03,24.088871002197266
2010-08-04,23.96513557434082
2010-08-05,24.105749130249023
2010-08-06,24.071990966796875
2010-08-09,24.184486389160156
2010-08-10,23.959508895874023
2010-08-11,23.509557723999023
2010-08-12,23.200227737426758
2010-08-13,23.515186309814453
2010-08-16,23.4814453125
2010-08-17,23.79078483581543
2010-08-18,23.661422729492188
2010-08-19,23.655799865722656
2010-08-20,23.323970794677734
2010-08-23,23.470197677612305
2010-08-24,23.267719268798828
2010-08-25,22.935888290405273
2010-08-26,23.12148666381836
2010-08-27,23.593929290771484
2010-08-30,23.464570999145508
2010-08-31,23.605175018310547
2010-09-01,23.89764404296875
2010-09-02,24.11136245727539
2010-09-03,24.21823501586914
2010-09-06,24.381338119506836
2010-09-07,24.409456253051758
2010-09-08,24.364456176757812
2010-09-09,24.48257827758789
2010-09-10,24.3082218170166
2010-09-13,24.746912002563477
2010-09-14,24.775033950805664
2010-09-15,24.87626838684082
2010-09-16,24.59505844116211
2010-09-17,25.028135299682617
2010-09-20,24.735668182373047
2010-09-21,24.662555694580078
2010-09-22,24.707544326782227
2010-09-23,24.741289138793945
2010-09-24,24.578187942504883
2010-09-27,25.005632400512695
2010-09-28,24.93813705444336
2010-09-29,24.80878257751465
2010-09-30,24.510690689086914
2010-10-01,24.443193435668945
2010-10-03,24.718793869018555
2010-10-04,24.623178482055664
2010-10-05,25.03937530517578
2010-10-06,25.06186866760254
2010-10-07,24.994380950927734
2010-10-10,25.073123931884766
2010-10-11,24.893144607543945
2010-10-12,24.690677642822266
2010-10-13,25.106870651245117
2010-10-14,25.022504806518555
2010-10-17,24.83690643310547
2010-10-18,24.893144607543945
2010-10-19,24.707544326782227
2010-10-20,24.67380714416504
2010-10-21,24.83127784729004
2010-10-24,25.11811637878418
2010-10-25,25.05063247680664
2010-10-26,24.926891326904297
2010-10-27,25.01688575744629
2010-10-28,24.88751983642578
2010-10-31,25.0675048828125
2010-11-01,25.151865005493164
2010-11-02,25.23059844970703
2010-11-03,25.399335861206055
2010-11-04,25.697416305541992
2010-11-07,25.629924774169922
2010-11-08,25.42182731628418
2010-11-09,25.20809555053711
2010-11-10,25.371212005615234
2010-11-11,25.19685935974121
2010-11-14,25.191238403320312
2010-11-15,25.241849899291992
2010-11-16,24.83690643310547
2010-11-17,24.926891326904297
2010-11-18,24.87065315246582
2010-11-21,24.960634231567383
2010-11-22,24.656925201416016
2010-11-23,24.628807067871094
2010-11-24,24.707544326782227
2010-11-25,24.707544326782227
2010-11-28,24.83127784729004
2010-11-29,24.64005470275879
2010-11-30,24.955015182495117
2010-12-01,25.1406192779541
2010-12-02,25.20809555053711
2010-12-05,25.449954986572266
2010-12-06,25.410587310791016
2010-12-07,25.25309944152832
2010-12-08,25.46682357788086
2010-12-09,25.48369598388672
2010-12-12,25.55118179321289
2010-12-13,25.652427673339844
2010-12-14,25.607437133789062
2010-12-15,25.70867347717285
2010-12-16,25.663677215576172
2010-12-19,25.545564651489258
2010-12-20,25.641178131103516
2010-12-21,25.29246711730957
2010-12-22,25.382461547851562
2010-12-23,25.28122901916504
2010-12-28,25.31496810913086
2010-12-29,25.31496810913086
2010-12-30,25.084367752075195
2011-01-03,25.1406192779541
2011-01-04,24.93813705444336
2011-01-05,24.97188377380371
2011-01-06,24.88751983642578
2011-01-09,24.921266555786133
2011-01-10,24.893144607543945
2011-01-11,24.977514266967773
2011-01-12,25.359962463378906
2011-01-13,25.388080596923828
2011-01-16,25.18560218811035
2011-01-17,25.399335861206055
2011-01-18,25.584928512573242
2011-01-19,25.303714752197266
2011-01-20,25.151865005493164
2011-01-23,25.371212005615234
2011-01-24,25.399335861206055
2011-01-26,25.393709182739258
2011-01-27,24.932519912719727
2011-01-30,25.11811637878418
2011-01-31,25.134990692138672
2011-02-01,25.382461547851562
2011-02-02,25.455575942993164
2011-02-03,25.714292526245117
2011-02-06,25.742412567138672
2011-02-07,25.877391815185547
2011-02-08,25.928016662597656
2011-02-09,25.99551010131836
2011-02-10,25.832401275634766
2011-02-13,26.15860939025879
2011-02-14,26.11361312866211
2011-02-15,26.130495071411133
2011-02-16,26.152996063232422
2011-02-17,26.15860939025879
2011-02-20,26.018009185791016
2011-02-21,25.804290771484375
2011-02-22,25.719919204711914
2011-02-23,25.500568389892578
2011-02-24,25.697416305541992
2011-02-27,25.714292526245117
2011-02-28,25.686172485351562
2011-03-01,25.56243896484375
2011-03-02,25.607437133789062
2011-03-03,25.928016662597656
2011-03-06,25.61867904663086
2011-03-07,25.663677215576172
2011-03-08,25.455575942993164
2011-03-09,25.106870651245117
2011-03-10,24.80315399169922
2011-03-14,24.17323875427246
2011-03-15,24.43757438659668
2011-03-16,24.347593307495117
2011-03-17,24.690677642822266
2011-03-20,24.825658798217773
2011-03-21,24.88751983642578
2011-03-22,25.045000076293945
2011-03-23,25.343088150024414
2011-03-24,25.34870719909668
2011-03-27,25.286842346191406
2011-03-28,25.56243896484375
2011-03-29,25.79303550720215
2011-03-30,25.88290786743164
2011-03-31,26.01238250732422
2011-04-04,26.136110305786133
2011-04-05,26.203601837158203
2011-04-06,26.254222869873047
2011-04-07,26.23735237121582
2011-04-08,26.45669937133789
2011-04-11,26.529817581176758
2011-04-12,26.197980880737305
2011-04-13,26.14173698425293
2011-04-14,26.130495071411133
2011-04-15,25.95050811767578
2011-04-18,26.00676918029785
2011-04-19,25.641178131103516
2011-04-20,25.99551010131836
2011-04-21,26.299222946166992
2011-04-27,26.0517520904541
2011-04-28,26.046123504638672
2011-04-29,25.76491928100586
2011-05-02,25.826778411865234
2011-05-03,25.613061904907227
2011-05-04,25.359962463378906
2011-05-05,25.438695907592773
2011-05-06,25.388080596923828
2011-05-09,25.461198806762695
2011-05-10,25.269968032836914
2011-05-11,25.590559005737305
2011-05-12,25.168739318847656
2011-05-13,25.25309944152832
2011-05-16,24.966266632080078
2011-05-17,25.134990692138672
2011-05-18,25.20809555053711
2011-05-19,25.534318923950195
2011-05-20,25.427453994750977
2011-05-23,24.93813705444336
2011-05-24,24.8425235748291
2011-05-25,24.628807067871094
2011-05-26,25.028135299682617
2011-05-27,25.084367752075195
2011-05-30,25.078746795654297
2011-05-31,25.371212005615234
2011-06-01,25.264347076416016
2011-06-02,24.746912002563477
2011-06-03,24.668169021606445
2011-06-06,24.544435501098633
2011-06-07,24.544435501098633
2011-06-08,24.381338119506836
2011-06-09,24.550064086914062
2011-06-10,24.544435501098633
2011-06-14,24.67380714416504
2011-06-15,24.589427947998047
2011-06-16,24.071990966796875
2011-06-17,24.133865356445312
2011-06-20,23.976383209228516
2011-06-21,24.516313552856445
2011-06-22,24.3869571685791
2011-06-23,24.22385597229004
2011-06-24,23.515186309814453
2011-06-27,23.75141143798828
2011-06-28,23.582691192626953
2011-06-29,23.869524002075195
2011-06-30,24.28009605407715
2011-07-01,24.156360626220703
2011-07-04,24.28009605407715
2011-07-05,24.21823501586914
2011-07-06,24.184486389160156
2011-07-07,24.24634552001953
2011-07-08,24.235107421875
2011-07-11,24.10011863708496
2011-07-12,23.661422729492188
2011-07-13,23.728912353515625
2011-07-14,23.503942489624023
2011-07-15,23.560192108154297
2011-07-18,23.54331398010254
2011-07-19,23.85264778137207
2011-07-20,23.94264030456543
2011-07-21,24.206987380981445
2011-07-22,24.229482650756836
2011-07-25,23.998878479003906
2011-07-26,23.970766067504883
2011-07-27,23.54893684387207
2011-07-28,23.4814453125
2011-07-29,23.267719268798828
2011-08-02,23.3352108001709
2011-08-03,22.851526260375977
2011-08-04,22.51968765258789
2011-08-05,21.60293197631836
2011-08-08,20.961761474609375
2011-08-09,21.259849548339844
2011-08-10,21.822284698486328
2011-08-11,21.805404663085938
2011-08-12,22.30596351623535
2011-08-15,22.643421173095703
2011-08-16,22.429706573486328
2011-08-17,22.660295486450195
2011-08-18,22.452205657958984
2011-08-19,21.670425415039062
2011-08-22,21.726665496826172
2011-08-23,22.12036895751953
2011-08-24,22.080997467041016
2011-08-25,22.33409309387207
2011-08-26,22.277849197387695
2011-08-29,22.643421173095703
2011-08-30,22.68842315673828
2011-08-31,22.812150955200195
2011-09-01,22.896512985229492
2011-09-02,22.559066772460938
2011-09-05,22.07537078857422
2011-09-06,21.72103500366211
2011-09-07,22.300344467163086
2011-09-08,22.31159782409668
2011-09-09,21.788537979125977
2011-09-12,21.76041603088379
2011-09-13,21.754779815673828
2011-09-14,21.389209747314453
2011-09-15,21.732288360595703
2011-09-16,21.974132537841797
2011-09-19,21.777284622192383
2011-09-20,21.546689987182617
2011-09-21,21.74353790283203
2011-09-22,21.164236068725586
2011-09-23,21.1361141204834
2011-09-26,20.658050537109375
2011-09-27,21.541059494018555
2011-09-28,21.2823429107666
2011-09-29,21.490440368652344
2011-09-30,20.961761474609375
2011-10-03,20.703041076660156
2011-10-04,20.984254837036133
2011-10-05,21.732288360595703
2011-10-06,22.300344467163086
2011-10-09,22.457822799682617
2011-10-10,22.390336990356445
2011-10-11,22.49156951904297
2011-10-12,22.542194366455078
2011-10-13,22.49156951904297
2011-10-16,22.85715103149414
2011-10-17,22.373462677001953
2011-10-18,22.542194366455078
2011-10-19,22.221599578857422
2011-10-20,22.407211303710938
2011-10-23,22.750280380249023
2011-10-24,22.350963592529297
2011-10-25,22.69403839111328
2011-10-26,23.2508544921875
2011-10-27,23.115869522094727
2011-10-30,22.975257873535156
2011-11-01,22.440954208374023
2011-11-02,22.817773818969727
2011-11-03,22.862783432006836
2011-11-06,22.896512985229492
2011-11-07,23.278974533081055
2011-11-08,22.632184982299805
2011-11-09,22.90213966369629
2011-11-10,23.098995208740234
2011-11-13,23.025880813598633
2011-11-14,23.087739944458008
2011-11-15,22.795276641845703
2011-11-16,22.52530860900879
2011-11-17,22.429706573486328
2011-11-20,22.407211303710938
2011-11-21,22.249725341796875
2011-11-22,21.78291130065918
2011-11-23,21.6591739654541
2011-11-24,21.569183349609375
2011-11-27,21.85040283203125
2011-11-28,22.05849838256836
2011-11-29,22.12598991394043
2011-11-30,22.49156951904297
2011-12-01,23.054004669189453
2011-12-04,23.2508544921875
2011-12-05,23.172109603881836
2011-12-06,23.104618072509766
2011-12-07,23.037128448486328
2011-12-08,22.60968017578125
2011-12-11,22.88526725769043
2011-12-12,22.542194366455078
2011-12-13,22.249725341796875
2011-12-14,22.29471778869629
2011-12-15,22.390336990356445
2011-12-18,21.805404663085938
2011-12-19,21.81102752685547
2011-12-20,22.277849197387695
2011-12-21,21.428571701049805
2011-12-22,21.709796905517578
2011-12-27,21.428571701049805
2011-12-28,21.434206008911133
2011-12-29,21.254220962524414
2012-01-02,21.5129451751709
2012-01-03,21.962892532348633
2012-01-04,21.737913131713867
2012-01-05,21.636680603027344
2012-01-08,21.53544044494629
2012-01-09,21.912263870239258
2012-01-10,21.957263946533203
2012-01-11,22.024751663208008
2012-01-12,22.007884979248047
2012-01-15,21.749164581298828
2012-01-16,22.036001205444336
2012-01-17,22.109119415283203
2012-01-18,22.131614685058594
2012-01-19,22.249725341796875
2012-01-22,22.249725341796875
2012-01-23,22.182239532470703
2012-01-24,22.42407989501953
2012-01-26,22.51968765258789
2012-01-29,22.39596176147461
2012-01-30,22.33971405029297
2012-01-31,22.21597671508789
2012-02-01,22.367830276489258
2012-02-02,22.29471778869629
2012-02-05,22.536563873291016
2012-02-06,22.446575164794922
2012-02-07,22.474695205688477
2012-02-08,22.457822799682617
2012-02-09,22.33409309387207
2012-02-12,22.4971981048584
2012-02-13,22.300344467163086
2012-02-14,22.036001205444336
2012-02-15,21.889768600463867
2012-02-16,21.85040283203125
2012-02-19,22.41282844543457
2012-02-20,22.63779640197754
2012-02-21,22.620933532714844
2012-02-22,22.69403839111328
2012-02-23,22.710918426513672
2012-02-26,22.592805862426758
2012-02-27,22.542194366455078
2012-02-28,22.77278709411621
2012-02-29,22.733409881591797
2012-03-01,22.643421173095703
2012-03-04,22.52530860900879
2012-03-05,22.06412124633789
2012-03-06,21.9685115814209
2012-03-07,22.154111862182617
2012-03-08,22.367830276489258
2012-03-11,22.272214889526367
2012-03-12,22.536563873291016
2012-03-13,22.68842315673828
2012-03-14,22.699668884277344
2012-03-15,22.78965187072754
2012-03-18,22.800907135009766
2012-03-19,22.69403839111328
2012-03-20,22.58717918395996
2012-03-21,22.68842315673828
2012-03-22,22.677169799804688
2012-03-25,22.890892028808594
2012-03-26,22.750280380249023
2012-03-27,23.054004669189453
2012-03-28,23.037128448486328
2012-03-29,23.07650375366211
2012-04-02,23.098995208740234
2012-04-03,23.04275131225586
2012-04-04,23.05962562561035
2012-04-05,22.947139739990234
2012-04-10,22.817773818969727
2012-04-11,22.620933532714844
2012-04-12,22.744665145874023
2012-04-13,22.812150955200195
2012-04-16,22.862783432006836
2012-04-17,22.812150955200195
2012-04-18,23.115869522094727
2012-04-19,23.211475372314453
2012-04-20,23.211475372314453
2012-04-23,23.07650375366211
2012-04-24,23.172109603881836
2012-04-26,23.233985900878906
2012-04-27,23.200227737426758
2012-04-30,23.374582290649414
2012-05-01,23.593929290771484
2012-05-02,23.582691192626953
2012-05-03,23.54331398010254
2012-05-04,23.34646224975586
2012-05-07,22.845897674560547
2012-05-08,22.90777015686035
2012-05-09,22.710918426513672
2012-05-10,22.851526260375977
2012-05-11,22.834651947021484
2012-05-14,22.930267333984375
2012-05-15,22.784038543701172
2012-05-16,22.249725341796875
2012-05-17,22.204730987548828
2012-05-18,21.74353790283203
2012-05-21,21.84477996826172
2012-05-22,21.991008758544922
2012-05-23,21.676040649414062
2012-05-24,21.653549194335938
2012-05-25,21.614177703857422
2012-05-28,21.692920684814453
2012-05-29,21.92914581298828
2012-05-30,21.61980628967285
2012-05-31,21.692920684814453
2012-06-01,21.31609535217285
2012-06-04,21.31609535217285
2012-06-05,21.63105010986328
2012-06-06,21.996625900268555
2012-06-07,21.9685115814209
2012-06-08,21.737913131713867
2012-06-12,21.78291130065918
2012-06-13,21.726665496826172
2012-06-14,21.692920684814453
2012-06-15,22.024751663208008
2012-06-18,22.12036895751953
2012-06-19,22.030376434326172
2012-06-20,22.131614685058594
2012-06-21,21.934764862060547
2012-06-22,21.63105010986328
2012-06-25,21.192363739013672
2012-06-26,21.152982711791992
2012-06-27,21.293590545654297
2012-06-28,21.31609535217285
2012-06-29,21.5860538482666
2012-07-02,21.771657943725586
2012-07-03,21.754779815673828
2012-07-04,21.996625900268555
2012-07-05,21.985383987426758
2012-07-06,21.912263870239258
2012-07-09,21.732288360595703
2012-07-10,21.591684341430664
2012-07-11,21.574810028076172
2012-07-12,21.45563507080078
2012-07-13,21.501693725585938
2012-07-16,21.625431060791016
2012-07-17,21.816654205322266
2012-07-18,21.726665496826172
2012-07-19,22.12036895751953
2012-07-20,22.109119415283203
2012-07-23,21.732288360595703
2012-07-24,21.754779815673828
2012-07-25,21.72103500366211
2012-07-26,21.85040283203125
2012-07-27,22.15974235534668
2012-07-30,22.356584548950195
2012-07-31,22.474695205688477
2012-08-01,22.46344566345215
2012-08-02,22.4971981048584
2012-08-03,22.210351943969727
2012-08-06,22.49156951904297
2012-08-07,22.58717918395996
2012-08-08,22.705291748046875
2012-08-09,22.677169799804688
2012-08-10,22.502817153930664
2012-08-13,22.559066772460938
2012-08-14,22.60405158996582
2012-08-15,22.559066772460938
2012-08-16,22.817773818969727
2012-08-17,23.06525421142578
2012-08-20,23.104618072509766
2012-08-21,23.27335548400879
2012-08-22,23.188987731933594
2012-08-23,23.222728729248047
2012-08-24,23.04275131225586
2012-08-27,23.06525421142578
2012-08-28,23.13274574279785
2012-08-29,23.172109603881836
2012-08-30,22.947139739990234
2012-08-31,22.952760696411133
2012-09-03,23.082128524780273
2012-09-04,22.94152069091797
2012-09-05,22.823400497436523
2012-09-06,22.862783432006836
2012-09-07,23.0933780670166
2012-09-10,23.138355255126953
2012-09-11,23.104618072509766
2012-09-12,23.27335548400879
2012-09-13,23.177732467651367
2012-09-14,23.45895004272461
2012-09-17,23.520814895629883
2012-09-18,23.464570999145508
2012-09-19,23.577056884765625
2012-09-20,23.492698669433594
2012-09-21,23.571428298950195
2012-09-24,23.442079544067383
2012-09-25,23.374582290649414
2012-09-26,23.29584503173828
2012-09-27,23.425207138061523
2012-09-28,23.45895004272461
2012-10-01,23.45331573486328
2012-10-02,23.700790405273438
2012-10-03,23.723289489746094
2012-10-04,23.818904876708984
2012-10-05,24.027008056640625
2012-10-07,23.937021255493164
2012-10-08,24.071990966796875
2012-10-09,23.982013702392578
2012-10-10,23.959508895874023
2012-10-11,23.993253707885742
2012-10-14,23.953882217407227
2012-10-15,24.021377563476562
2012-10-16,24.240726470947266
2012-10-17,24.353208541870117
2012-10-18,24.420703887939453
2012-10-21,24.240726470947266
2012-10-22,24.27446937561035
2012-10-23,24.11136245727539
2012-10-24,24.088871002197266
2012-10-25,23.886404037475586
2012-10-28,23.94264030456543
2012-10-29,23.948261260986328
2012-10-30,24.13948631286621
2012-10-31,23.82452964782715
2012-11-01,23.841400146484375
2012-11-04,23.914518356323242
2012-11-05,24.04387855529785
2012-11-06,24.116994857788086
2012-11-07,23.998878479003906
2012-11-08,23.987638473510742
2012-11-11,23.908897399902344
2012-11-12,23.537689208984375
2012-11-13,23.802032470703125
2012-11-14,23.374582290649414
2012-11-15,23.34646224975586
2012-11-18,23.430830001831055
2012-11-19,23.59955406188965
2012-11-20,23.487060546875
2012-11-21,23.728912353515625
2012-11-22,23.740177154541016
2012-11-25,23.785158157348633
2012-11-26,24.0101318359375
2012-11-27,23.92013931274414
2012-11-28,24.10011863708496
2012-11-29,24.263227462768555
2012-12-02,24.398212432861328
2012-12-03,24.251976013183594
2012-12-04,24.325092315673828
2012-12-05,24.257606506347656
2012-12-06,24.49945640563965
2012-12-09,24.516313552856445
2012-12-10,24.61756134033203
2012-12-11,24.668169021606445
2012-12-12,24.651304244995117
2012-12-13,24.662555694580078
2012-12-16,24.651304244995117
2012-12-17,24.746912002563477
2012-12-18,24.848146438598633
2012-12-19,24.926891326904297
2012-12-20,24.285715103149414
2012-12-23,24.341962814331055
2012-12-26,24.40382957458496
2012-12-27,24.59505844116211
2012-12-30,24.409456253051758
2013-01-01,24.409456253051758
2013-01-02,24.89876937866211
2013-01-03,24.78629493713379
2013-01-06,24.775033950805664
2013-01-07,24.611927032470703
2013-01-08,24.701915740966797
2013-01-09,24.780662536621094
2013-01-10,24.718793869018555
2013-01-13,24.78629493713379
2013-01-14,24.741289138793945
2013-01-15,24.87626838684082
2013-01-16,24.983139038085938
2013-01-17,25.028135299682617
2013-01-20,25.106870651245117
2013-01-21,25.078746795654297
2013-01-22,25.1462345123291
2013-01-23,25.247474670410156
2013-01-24,25.3768367767334
2013-01-28,25.658042907714844
2013-01-29,25.70867347717285
2013-01-30,25.6018123626709
2013-01-31,25.821147918701172
2013-02-03,25.742412567138672
2013-02-04,25.613061904907227
2013-02-05,25.815532684326172
2013-02-06,25.877391815185547
2013-02-07,26.085498809814453
2013-02-10,26.074256896972656
2013-02-11,26.062999725341797
2013-02-12,26.265480041503906
2013-02-13,26.473575592041016
2013-02-14,26.434202194213867
2013-02-17,26.67042350769043
2013-02-18,26.777284622192383
2013-02-19,26.90665054321289
2013-02-20,26.265480041503906
2013-02-21,26.50169563293457
2013-02-24,26.681673049926758
2013-02-25,26.411705017089844
2013-02-26,26.56918716430664
2013-02-27,26.97977066040039
2013-02-28,26.912273406982422
2013-03-03,26.524194717407227
2013-03-04,26.73229217529297
2013-03-05,27.09787368774414
2013-03-06,27.086618423461914
2013-03-07,27.16536521911621
2013-03-10,27.300352096557617
2013-03-11,27.142868041992188
2013-03-12,26.985389709472656
2013-03-13,26.70417594909668
2013-03-14,27.21036148071289
2013-03-17,26.608551025390625
2013-03-18,26.49043846130371
2013-03-19,26.366716384887695
2013-03-20,26.299222946166992
2013-03-21,26.389205932617188
2013-03-24,26.512950897216797
2013-03-25,26.28234100341797
2013-03-26,26.524194717407227
2013-03-27,26.389205932617188
2013-04-01,26.45669937133789
2013-04-02,26.287965774536133
2013-04-03,26.07987403869629
2013-04-04,25.97863006591797
2013-04-08,26.057373046875
2013-04-09,26.434202194213867
2013-04-10,26.361080169677734
2013-04-11,26.580427169799805
2013-04-12,26.631044387817383
2013-04-15,26.389205932617188
2013-04-16,26.287965774536133
2013-04-17,26.557933807373047
2013-04-18,26.147367477416992
2013-04-19,26.186735153198242
2013-04-22,26.361080169677734
2013-04-23,26.619800567626953
2013-04-24,27.086618423461914
2013-04-26,27.069747924804688
2013-04-29,27.221607208251953
2013-04-30,27.525314331054688
2013-05-01,27.4184627532959
2013-05-02,27.23285484313965
2013-05-03,27.221607208251953
2013-05-06,27.384714126586914
2013-05-07,27.289098739624023
2013-05-08,27.620925903320312
2013-05-09,27.654666900634766
2013-05-10,27.694053649902344
2013-05-13,27.772781372070312
2013-05-14,27.82903289794922
2013-05-15,27.68842315673828
2013-05-16,27.53656768798828
2013-05-17,27.626537322998047
2013-05-20,27.795286178588867
2013-05-21,27.615312576293945
2013-05-22,27.542186737060547
2013-05-23,26.9685115814209
2013-05-24,26.552316665649414
2013-05-27,26.4398250579834
2013-05-28,26.512950897216797
2013-05-29,26.518569946289062
2013-05-30,26.332965850830078
2013-05-31,26.327335357666016
2013-06-03,26.130495071411133
2013-06-04,26.175487518310547
2013-06-05,25.843656539916992
2013-06-06,25.539939880371094
2013-06-07,25.32620620727539
2013-06-11,25.427453994750977
2013-06-12,25.241849899291992
2013-06-13,25.09561538696289
2013-06-14,25.365585327148438
2013-06-17,25.776165008544922
2013-06-18,25.725553512573242
2013-06-19,25.989879608154297
2013-06-20,25.410587310791016
2013-06-21,25.320589065551758
2013-06-24,24.950374603271484
2013-06-25,24.904592514038086
2013-06-26,25.350948333740234
2013-06-27,25.762975692749023
2013-06-28,25.700027465820312
2013-07-01,25.196441650390625
2013-07-02,25.888877868652344
2013-07-03,25.38529396057129
2013-07-04,25.648534774780273
2013-07-05,25.92320442199707
2013-07-08,25.73436737060547
2013-07-09,26.129220962524414
2013-07-10,26.24367904663086
2013-07-11,26.569856643676758
2013-07-12,26.6270809173584
2013-07-15,26.661426544189453
2013-07-16,26.667150497436523
2013-07-17,26.64997100830078
2013-07-18,26.701475143432617
2013-07-19,26.598472595214844
2013-07-22,26.752988815307617
2013-07-23,26.838825225830078
2013-07-24,26.936094284057617
2013-07-25,26.94754981994629
2013-07-26,26.958995819091797
2013-07-29,26.999052047729492
2013-07-30,26.976167678833008
2013-07-31,27.016216278076172
2013-08-01,27.07917022705078
2013-08-02,27.348129272460938
2013-08-05,27.313793182373047
2013-08-06,27.30807876586914
2013-08-07,26.79876708984375
2013-08-08,27.062002182006836
2013-08-09,27.044830322265625
2013-08-12,27.330963134765625
2013-08-13,27.611356735229492
2013-08-14,27.611356735229492
2013-08-15,27.58847427368164
2013-08-16,27.376737594604492
2013-08-19,27.491193771362305
2013-08-20,27.319522857666016
2013-08-21,27.451135635375977
2013-08-22,27.30807876586914
2013-08-23,27.57703399658203
2013-08-26,27.674320220947266
2013-08-27,27.702926635742188
2013-08-28,27.411075592041016
2013-08-29,27.451135635375977
2013-08-30,27.948991775512695
2013-09-02,28.052000045776367
2013-09-03,28.103504180908203
2013-09-04,27.931821823120117
2013-09-05,27.828821182250977
2013-09-06,27.83454132080078
2013-09-09,28.074893951416016
2013-09-10,28.1950740814209
2013-09-11,28.355300903320312
2013-09-12,28.395355224609375
2013-09-13,28.28090476989746
2013-09-16,28.441131591796875
2013-09-17,28.464031219482422
2013-09-18,28.40107536315918
2013-09-19,28.715816497802734
2013-09-20,28.601360321044922
2013-09-23,28.486915588378906
2013-09-24,28.36102294921875
2013-09-25,28.59564781188965
2013-09-26,28.687210083007812
2013-09-27,28.767330169677734
2013-09-30,28.26945686340332
2013-10-01,28.217954635620117
2013-10-02,28.26945686340332
2013-10-03,28.372467041015625
2013-10-04,28.217954635620117
2013-10-06,27.96616554260254
2013-10-07,27.9089412689209
2013-10-08,27.92038345336914
2013-10-09,27.880329132080078
2013-10-10,28.36674690246582
2013-10-13,28.235122680664062
2013-10-14,28.50980567932129
2013-10-15,28.53842544555664
2013-10-16,28.624271392822266
2013-10-17,28.8588809967041
2013-10-20,29.013385772705078
2013-10-21,29.13357162475586
2013-10-22,29.030569076538086
2013-10-23,29.13357162475586
2013-10-24,29.202234268188477
2013-10-27,29.511259078979492
2013-10-28,29.362472534179688
2013-10-29,29.43114471435547
2013-10-30,29.42540740966797
2013-10-31,29.31096649169922
2013-11-03,29.225126266479492
2013-11-04,29.442577362060547
2013-11-05,29.448312759399414
2013-11-06,29.488365173339844
2013-11-07,29.608543395996094
2013-11-10,29.391082763671875
2013-11-11,29.413976669311523
2013-11-12,28.97907066345215
2013-11-13,29.185068130493164
2013-11-14,29.459745407104492
2013-11-17,29.351024627685547
2013-11-18,29.202234268188477
2013-11-19,28.94472885131836
2013-11-20,28.83599090576172
2013-11-21,29.093503952026367
2013-11-24,29.265188217163086
2013-11-25,29.27663230895996
2013-11-26,29.093503952026367
2013-11-27,29.10495376586914
2013-11-28,29.007667541503906
2013-12-01,28.79593849182129
2013-12-02,28.658607482910156
2013-12-03,28.77877426147461
2013-12-04,28.372467041015625
2013-12-05,28.258026123046875
2013-12-08,28.06917953491211
2013-12-09,28.052000045776367
2013-12-10,27.823095321655273
2013-12-11,27.611356735229492
2013-12-12,27.794485092163086
2013-12-15,27.76015281677246
2013-12-16,27.823095321655273
2013-12-17,27.800209045410156
2013-12-18,28.40680694580078
2013-12-19,28.732988357543945
2013-12-22,28.861650466918945
2013-12-23,29.084653854370117
2013-12-26,29.108139038085938
2013-12-29,29.243106842041016
2013-12-30,29.202016830444336
2014-01-01,29.325267791748047
2014-01-02,29.190290451049805
2014-01-05,29.072900772094727
2014-01-06,29.043577194213867
2014-01-07,29.043577194213867
2014-01-08,29.020092010498047
2014-01-09,29.025962829589844
2014-01-12,28.8968563079834
2014-01-13,28.480195999145508
2014-01-14,28.65038299560547
2014-01-15,29.002485275268555
2014-01-16,28.961410522460938
2014-01-19,28.87925148010254
2014-01-20,29.096391677856445
2014-01-21,29.043577194213867
2014-01-22,28.732545852661133
2014-01-23,28.59169578552246
2014-01-27,28.398027420043945
2014-01-28,28.527143478393555
2014-01-29,28.298263549804688
2014-01-30,28.333471298217773
2014-02-02,28.321739196777344
2014-02-03,27.811166763305664
2014-02-04,27.70553207397461
2014-02-05,28.01070785522461
2014-02-06,28.245445251464844
2014-02-09,28.521270751953125
2014-02-10,28.720806121826172
2014-02-11,29.03183937072754
2014-02-12,29.05531120300293
2014-02-13,29.26658058166504
2014-02-16,29.501325607299805
2014-02-17,29.53653335571289
2014-02-18,29.601093292236328
2014-02-19,29.624561309814453
2014-02-20,29.79474639892578
2014-02-23,29.88865089416504
2014-02-24,29.85930061340332
2014-02-25,29.9003849029541
2014-02-26,29.777151107788086
2014-02-27,29.759538650512695
2014-03-02,29.689115524291992
2014-03-03,29.79474639892578
2014-03-04,30.047103881835938
2014-03-05,30.035358428955078
2014-03-06,30.15273666381836
2014-03-09,29.876911163330078
2014-03-10,29.871036529541016
2014-03-11,29.771278381347656
2014-03-12,29.89452362060547
2014-03-13,29.430898666381836
2014-03-16,29.39568519592285
2014-03-17,29.513063430786133
2014-03-18,29.601093292236328
2014-03-19,29.202016830444336
2014-03-20,29.513063430786133
2014-03-23,29.554147720336914
2014-03-24,29.471981048583984
2014-03-25,29.70085334777832
2014-03-26,29.55999755859375
2014-03-27,29.653898239135742
2014-03-30,29.79474639892578
2014-03-31,29.800613403320312
2014-04-01,29.829959869384766
2014-04-02,29.89452362060547
2014-04-03,29.953203201293945
2014-04-07,29.923858642578125
2014-04-08,29.9003849029541
2014-04-09,30.205549240112305
2014-04-10,30.281824111938477
2014-04-11,29.953203201293945
2014-04-14,29.59521484375
2014-04-15,29.736064910888672
2014-04-16,29.935598373413086
2014-04-17,30.117521286010742
2014-04-22,30.27010726928711
2014-04-23,30.498987197875977
2014-04-24,30.58114242553711
2014-04-28,30.58701515197754
2014-04-29,30.29945182800293
2014-04-30,30.334659576416016
2014-05-01,30.105772018432617
2014-05-02,30.09991455078125
2014-05-05,30.18793296813965
2014-05-06,30.30531883239746
2014-05-07,30.01776123046875
2014-05-08,30.258365631103516
2014-05-09,30.217294692993164
2014-05-12,30.140993118286133
2014-05-13,30.40508270263672
2014-05-14,30.540054321289062
2014-05-15,30.622217178344727
2014-05-16,30.440298080444336
2014-05-19,30.07057762145996
2014-05-20,30.123384475708008
2014-05-21,30.135129928588867
2014-05-22,30.469636917114258
2014-05-23,30.5341854095459
2014-05-26,30.65155792236328
2014-05-27,30.663297653198242
2014-05-28,30.75133514404297
2014-05-29,30.663297653198242
2014-05-30,30.610483169555664
2014-06-02,30.70438003540039
2014-06-03,30.481372833251953
2014-06-04,30.275972366333008
2014-06-05,30.229022979736328
2014-06-06,30.452022552490234
2014-06-10,30.410951614379883
2014-06-11,30.340532302856445
2014-06-12,30.234905242919922
2014-06-13,30.058834075927734
2014-06-16,30.06471061706543
2014-06-17,30.000154495239258
2014-06-18,29.94147491455078
2014-06-19,30.40508270263672
2014-06-20,30.09991455078125
2014-06-23,30.234905242919922
2014-06-24,30.22315788269043
2014-06-25,29.994277954101562
2014-06-26,30.42215347290039
2014-06-27,30.3682918548584
2014-06-30,30.158864974975586
2014-07-01,29.97336196899414
2014-07-02,30.446083068847656
2014-07-03,30.625600814819336
2014-07-04,30.79315185546875
2014-07-07,30.77520751953125
2014-07-08,30.733314514160156
2014-07-09,30.3682918548584
2014-07-10,30.458057403564453
2014-07-11,30.571752548217773
2014-07-14,30.703397750854492
2014-07-15,30.69143295288086
2014-07-16,30.739301681518555
2014-07-17,30.79315185546875
2014-07-18,30.835050582885742
2014-07-21,30.906837463378906
2014-07-22,30.900867462158203
2014-07-23,31.00857925415039
2014-07-24,31.110301971435547
2014-07-25,31.056447982788086
2014-07-28,31.056447982788086
2014-07-29,31.11629295349121
2014-07-30,31.33171272277832
2014-07-31,31.349666595458984
2014-08-01,30.91283416748047
2014-08-04,30.84102439880371
2014-08-05,30.715362548828125
2014-08-06,30.667490005493164
2014-08-07,30.673473358154297
2014-08-08,30.260587692260742
2014-08-11,30.416170120239258
2014-08-12,30.817087173461914
2014-08-13,30.739301681518555
2014-08-14,30.936767578125
2014-08-15,31.03849983215332
2014-08-18,31.134233474731445
2014-08-19,31.463356018066406
2014-08-20,31.48727798461914
2014-08-21,31.523191452026367
2014-08-22,31.553117752075195
2014-08-25,31.5172119140625
2014-08-26,31.535158157348633
2014-08-27,31.68475914001465
2014-08-28,31.529178619384766
2014-08-29,31.541133880615234
2014-09-01,31.618934631347656
2014-09-02,31.780488967895508
2014-09-03,31.816408157348633
2014-09-04,31.708696365356445
2014-09-05,31.505247116088867
2014-09-08,31.427448272705078
2014-09-09,31.59499740600586
2014-09-10,31.427448272705078
2014-09-11,31.265888214111328
2014-09-12,31.176122665405273
2014-09-15,30.906837463378906
2014-09-16,30.715362548828125
2014-09-17,30.529869079589844
2014-09-18,30.541831970214844
2014-09-19,30.709379196166992
2014-09-22,30.24263572692871
2014-09-23,30.589704513549805
2014-09-24,30.338375091552734
2014-09-25,30.362314224243164
2014-09-26,29.979351043701172
2014-09-29,29.698101043701172
2014-09-30,29.841718673706055
2014-10-01,30.09902000427246
2014-10-02,29.901548385620117
2014-10-03,30.045164108276367
2014-10-05,29.89556312561035
2014-10-06,29.81778335571289
2014-10-07,29.554475784301758
2014-10-08,29.913515090942383
2014-10-09,29.327096939086914
2014-10-12,29.081758499145508
2014-10-13,29.392934799194336
2014-10-14,29.62032127380371
2014-10-15,29.650224685668945
2014-10-16,29.787853240966797
2014-10-19,30.087045669555664
2014-10-20,30.140907287597656
2014-10-21,30.434133529663086
2014-10-22,30.3503360748291
2014-10-23,30.535844802856445
2014-10-26,30.739301681518555
2014-10-27,30.787168502807617
2014-10-28,30.76323890686035
2014-10-29,30.876928329467773
2014-10-30,31.212038040161133
2014-11-02,31.056447982788086
2014-11-03,31.152189254760742
2014-11-04,31.11629295349121
2014-11-05,31.074403762817383
2014-11-06,31.421470642089844
2014-11-09,31.34368896484375
2014-11-10,31.301790237426758
2014-11-11,31.056447982788086
2014-11-12,30.936767578125
2014-11-13,30.99660301208496
2014-11-16,30.709379196166992
2014-11-17,30.64954376220703
2014-11-18,30.499948501586914
2014-11-19,30.15287971496582
2014-11-20,30.14689826965332
2014-11-23,30.42215347290039
2014-11-24,30.48797607421875
2014-11-25,30.631595611572266
2014-11-26,30.625600814819336
2014-11-27,30.19476890563965
2014-11-30,29.578426361083984
2014-12-01,29.979351043701172
2014-12-02,30.218706130981445
2014-12-03,30.47600746154785
2014-12-04,30.28452491760254
2014-12-07,30.505939483642578
2014-12-08,30.03321075439453
2014-12-09,29.88360023498535
2014-12-10,29.72203826904297
2014-12-11,29.62629508972168
2014-12-14,29.410869598388672
2014-12-15,29.255290985107422
2014-12-16,29.321107864379883
2014-12-17,29.62032127380371
2014-12-18,30.28452491760254
2014-12-21,30.930774688720703
2014-12-22,30.637577056884766
2014-12-23,30.679458618164062
2014-12-28,31.224496841430664
2014-12-29,30.825742721557617
2014-12-30,30.6907901763916
2015-01-01,30.91776466369629
2015-01-04,31.071128845214844
2015-01-05,30.531295776367188
2015-01-06,30.445423126220703
2015-01-07,30.531295776367188
2015-01-08,31.09566307067871
2015-01-11,30.84415626525879
2015-01-12,30.66624641418457
2015-01-13,30.42701530456543
2015-01-14,30.29819107055664
2015-01-15,30.10802459716797
2015-01-18,30.175508499145508
2015-01-19,30.206174850463867
2015-01-20,30.660110473632812
2015-01-21,30.795082092285156
2015-01-22,31.285839080810547
2015-01-26,31.482149124145508
2015-01-27,31.555749893188477
2015-01-28,31.63550567626953
2015-01-29,31.78885841369629
2015-02-01,31.948368072509766
2015-02-02,32.40230941772461
2015-02-03,32.83171844482422
2015-02-04,33.05256652832031
2015-02-05,33.05870819091797
2015-02-08,33.07710647583008
2015-02-09,32.9912223815918
2015-02-10,32.82558822631836
2015-02-11,32.72744369506836
2015-02-12,33.451316833496094
2015-02-15,33.48199462890625
2015-02-16,33.37770462036133
2015-02-17,33.68441390991211
2015-02-18,33.69670486450195
2015-02-19,33.51264953613281
2015-02-22,33.70283889770508
2015-02-23,33.868446350097656
2015-02-24,34.00341033935547
2015-02-25,33.807106018066406
2015-02-26,33.997276306152344
2015-03-01,34.119964599609375
2015-03-02,34.01567459106445
2015-03-03,33.8623161315918
2015-03-04,33.91139221191406
2015-03-05,33.82551193237305
2015-03-08,33.38996505737305
2015-03-09,33.50038146972656
2015-03-10,33.291812896728516
2015-03-11,33.69055938720703
2015-03-12,33.43290328979492
2015-03-15,33.38996505737305
2015-03-16,33.60466766357422
2015-03-17,33.5924072265625
2015-03-18,34.24264907836914
2015-03-19,34.45737075805664
2015-03-22,34.30400466918945
2015-03-23,34.38987350463867
2015-03-24,34.420555114746094
2015-03-25,33.8316535949707
2015-03-26,34.089298248291016
2015-03-29,33.629215240478516
2015-03-30,33.96047592163086
2015-03-31,33.764163970947266
2015-04-01,33.92980194091797
2015-04-07,34.0770263671875
2015-04-08,34.35307693481445
2015-04-09,34.15064239501953
2015-04-10,34.340816497802734
2015-04-13,34.35307693481445
2015-04-14,34.2242546081543
2015-04-15,34.03409194946289
2015-04-16,34.254920959472656
2015-04-17,33.83778762817383
2015-04-20,33.641483306884766
2015-04-21,33.79484176635742
2015-04-22,33.56787109375
2015-04-23,33.629215240478516
2015-04-24,34.19358825683594
2015-04-27,34.50030517578125
2015-04-28,34.27332305908203
2015-04-29,33.62309265136719
2015-04-30,33.359283447265625
2015-05-01,33.48199462890625
2015-05-04,33.53105545043945
2015-05-05,33.51878356933594
2015-05-06,32.788787841796875
2015-05-07,32.396183013916016
2015-05-08,32.475929260253906
2015-05-11,32.32869338989258
2015-05-12,32.709041595458984
2015-05-13,33.05256652832031
2015-05-14,32.92987823486328
2015-05-15,33.181396484375
2015-05-18,32.751976013183594
2015-05-19,32.61701202392578
2015-05-20,32.51887512207031
2015-05-21,32.79491424560547
2015-05-22,32.843997955322266
2015-05-25,33.126182556152344
2015-05-26,33.43290328979492
2015-05-27,33.181396484375
2015-05-28,33.10164260864258
2015-05-29,33.51264953613281
2015-06-01,33.205936431884766
2015-06-02,32.65382766723633
2015-06-03,32.304161071777344
2015-06-04,31.905424118041992
2015-06-05,31.880882263183594
2015-06-09,31.684589385986328
2015-06-10,31.75820541381836
2015-06-11,32.1630744934082
2015-06-12,32.12013244628906
2015-06-15,32.06491470336914
2015-06-16,32.08332824707031
2015-06-17,32.439117431640625
2015-06-18,31.979040145874023
2015-06-19,32.42070388793945
2015-06-22,32.5311393737793
2015-06-23,32.923744201660156
2015-06-24,32.9912223815918
2015-06-25,32.64155960083008
2015-06-26,32.455055236816406
2015-06-29,31.553524017333984
2015-06-30,31.671659469604492
2015-07-01,32.019840240478516
2015-07-02,32.492366790771484
2015-07-03,32.088233947753906
2015-07-06,31.75870132446289
2015-07-07,32.361793518066406
2015-07-08,31.75248146057129
2015-07-09,31.764911651611328
2015-07-10,31.870616912841797
2015-07-13,31.764911651611328
2015-07-14,32.36800765991211
2015-07-15,32.67265319824219
2015-07-16,32.87783432006836
2015-07-17,32.91514205932617
2015-07-20,32.96487808227539
2015-07-21,33.12032699584961
2015-07-22,32.59183883666992
2015-07-23,32.43018341064453
2015-07-24,32.27474594116211
2015-07-27,32.41153335571289
2015-07-28,32.386661529541016
2015-07-29,32.65401077270508
2015-07-30,32.902706146240234
2015-07-31,33.05193328857422
2015-08-03,32.9089241027832
2015-08-04,33.045711517333984
2015-08-05,32.8964958190918
2015-08-06,32.47992706298828
2015-08-07,31.77113151550293
2015-08-10,31.951440811157227
2015-08-11,31.783573150634766
2015-08-12,31.19913673400879
2015-08-13,31.273744583129883
2015-08-14,31.056140899658203
2015-08-17,31.186708450317383
2015-08-18,30.91312599182129
2015-08-19,31.348339080810547
2015-08-20,30.788772583007812
2015-08-21,30.384641647338867
2015-08-24,29.190889358520508
2015-08-25,29.999176025390625
2015-08-26,30.21677589416504
2015-08-27,30.633337020874023
2015-08-28,30.77634620666504
2015-08-31,30.45925521850586
2015-09-01,29.812652587890625
2015-09-02,29.87481117248535
2015-09-03,29.50177574157715
2015-09-04,29.551513671875
2015-09-07,29.563936233520508
2015-09-08,30.03025245666504
2015-09-09,30.770130157470703
2015-09-10,29.999176025390625
2015-09-11,29.77533531188965
2015-09-14,29.980504989624023
2015-09-15,29.551513671875
2015-09-16,30.042682647705078
2015-09-17,30.27273178100586
2015-09-18,30.42816162109375
2015-09-21,29.825077056884766
2015-09-22,29.986724853515625
2015-09-23,29.41472816467285
2015-09-24,29.843730926513672
2015-09-25,29.725597381591797
2015-09-28,30.111080169677734
2015-09-29,28.991943359375
2015-09-30,29.582599639892578
2015-10-01,30.111080169677734
2015-10-02,29.750452041625977
2015-10-04,30.303821563720703
2015-10-05,30.434389114379883
2015-10-06,30.60848045349121
2015-10-07,30.70795440673828
2015-10-08,31.07476806640625
2015-10-11,30.83852195739746
2015-10-12,30.62090492248535
2015-10-13,30.589818954467773
2015-10-14,30.782564163208008
2015-10-15,31.080989837646484
2015-10-18,30.987735748291016
2015-10-19,30.819875717163086
2015-10-20,30.875835418701172
2015-10-21,30.987735748291016
2015-10-22,31.49757194519043
2015-10-25,31.49757194519043
2015-10-26,31.541080474853516
2015-10-27,31.416744232177734
2015-10-28,31.006383895874023
2015-10-29,30.869606018066406
2015-11-01,30.440593719482422
2015-11-02,30.875835418701172
2015-11-03,30.875835418701172
2015-11-04,30.627126693725586
2015-11-05,30.832311630249023
2015-11-08,30.266515731811523
2015-11-09,30.123517990112305
2015-11-10,30.403295516967773
2015-11-11,30.40951919555664
2015-11-12,29.930782318115234
2015-11-15,29.69450569152832
2015-11-16,30.359783172607422
2015-11-17,30.440593719482422
2015-11-18,31.08721923828125
2015-11-19,31.16804313659668
2015-11-22,31.255083084106445
2015-11-23,30.975297927856445
2015-11-24,30.819875717163086
2015-11-25,30.89447593688965
2015-11-26,30.857179641723633
2015-11-29,30.670642852783203
2015-11-30,31.20534324645996
2015-12-01,31.19913673400879
2015-12-02,31.006383895874023
2015-12-03,30.546310424804688
2015-12-06,30.589818954467773
2015-12-07,30.303821563720703
2015-12-08,30.111080169677734
2015-12-09,29.88102912902832
2015-12-10,29.812652587890625
2015-12-13,29.234418869018555
2015-12-14,29.128732681274414
2015-12-15,29.806427001953125
2015-12-16,30.254085540771484
2015-12-17,30.27273178100586
2015-12-20,30.32248306274414
2015-12-21,30.372211456298828
2015-12-22,30.521432876586914
2015-12-23,30.819875717163086
2015-12-27,30.819875717163086
2015-12-28,31.343921661376953
2015-12-29,31.63697052001953
2015-12-30,31.464956283569336
2016-01-03,31.31842613220215
2016-01-04,30.808794021606445
2016-01-05,30.44564437866211
2016-01-06,29.776721954345703
2016-01-07,29.655685424804688
2016-01-10,29.349891662597656
2016-01-11,29.279796600341797
2016-01-12,29.668420791625977
2016-01-13,29.15876579284668
2016-01-14,29.082324981689453
2016-01-17,28.89756202697754
2016-01-18,29.126911163330078
2016-01-19,28.789260864257812
2016-01-20,28.935781478881836
2016-01-21,29.254323959350586
2016-01-24,29.75760841369629
2016-01-26,29.4135799407959
2016-01-27,29.60472297668457
2016-01-28,29.73213005065918
2016-01-31,29.999692916870117
2016-02-01,29.693910598754883
2016-02-02,29.005863189697266
2016-02-03,29.553749084472656
2016-02-04,29.566499710083008
2016-02-07,29.560117721557617
2016-02-08,28.700075149536133
2016-02-09,28.381547927856445
2016-02-10,28.70644187927246
2016-02-11,28.387903213500977
2016-02-14,28.82748794555664
2016-02-15,29.298912048339844
2016-02-16,29.10780143737793
2016-02-17,29.783096313476562
2016-02-18,29.54738426208496
2016-02-21,29.872285842895508
2016-02-22,29.73849105834961
2016-02-23,29.133291244506836
2016-02-24,29.196985244750977
2016-02-25,29.171520233154297
2016-02-28,29.2415828704834
2016-02-29,29.5410099029541
2016-03-01,30.14622688293457
2016-03-02,30.515737533569336
2016-03-03,30.553939819335938
2016-03-06,30.92983055114746
2016-03-07,30.700481414794922
2016-03-08,31.012651443481445
2016-03-09,30.9935245513916
2016-03-10,31.095468521118164
2016-03-13,31.17190933227539
2016-03-14,30.764192581176758
2016-03-15,30.796037673950195
2016-03-16,31.101835250854492
2016-03-17,31.17190933227539
2016-03-20,31.07634925842285
2016-03-21,31.108205795288086
2016-03-22,30.99990463256836
2016-03-23,30.611286163330078
2016-03-28,30.082523345947266
2016-03-29,30.13348388671875
2016-03-30,30.585803985595703
2016-03-31,30.108007431030273
2016-04-04,30.088890075683594
2016-04-05,29.636566162109375
2016-04-06,29.783096313476562
2016-04-07,29.885021209716797
2016-04-08,29.725751876831055
2016-04-11,29.674787521362305
2016-04-12,29.942367553710938
2016-04-13,30.426530838012695
2016-04-14,30.789670944213867
2016-04-15,31.044496536254883
2016-04-18,30.92983055114746
2016-04-19,31.229249954223633
2016-04-20,31.401268005371094
2016-04-21,31.751646041870117
2016-04-22,31.535043716430664
2016-04-26,31.394886016845703
2016-04-27,31.23560905456543
2016-04-28,31.445852279663086
2016-04-29,31.63697052001953
2016-05-02,31.57326889038086
2016-05-03,32.23582077026367
2016-05-04,31.726160049438477
2016-05-05,31.76439666748047
2016-05-06,31.82172393798828
2016-05-09,32.10203170776367
2016-05-10,32.23582077026367
2016-05-11,32.42057418823242
2016-05-12,32.38871383666992
2016-05-13,32.22945785522461
2016-05-16,32.38871383666992
2016-05-17,32.68812942504883
2016-05-18,32.43968963623047
2016-05-19,32.26768112182617
2016-05-20,32.42694854736328
2016-05-23,32.242191314697266
2016-05-24,32.08929443359375
2016-05-25,32.605308532714844
2016-05-26,32.64992141723633
2016-05-27,32.77096176147461
2016-05-30,32.79008102416992
2016-05-31,32.586212158203125
2016-06-01,32.25493240356445
2016-06-02,31.980995178222656
2016-06-03,32.22308349609375
2016-06-06,32.47792053222656
2016-06-07,32.503387451171875
2016-06-08,32.55433654785156
2016-06-09,32.522491455078125
2016-06-10,32.21033477783203
2016-06-14,31.541423797607422
2016-06-15,31.216493606567383
2016-06-16,31.184654235839844
2016-06-17,31.28659439086914
2016-06-20,31.866310119628906
2016-06-21,31.95550537109375
2016-06-22,31.942779541015625
2016-06-23,32.01284408569336
2016-06-24,30.97441864013672
2016-06-27,31.12731170654297
2016-06-28,30.917089462280273
2016-06-29,31.177593231201172
2016-06-30,31.67679786682129
2016-07-01,31.85832405090332
2016-07-04,32.078739166259766
2016-07-05,31.72218894958496
2016-07-06,31.5406494140625
2016-07-07,31.74163818359375
2016-07-08,31.78700828552246
2016-07-11,32.4158821105957
2016-07-12,32.5325813293457
2016-07-13,32.74004364013672
2016-07-14,32.876182556152344
2016-07-15,32.979915618896484
2016-07-18,33.16793441772461
2016-07-19,33.08365249633789
2016-07-20,33.33000946044922
2016-07-21,33.498565673828125
2016-07-22,33.38836669921875
2016-07-25,33.602317810058594
2016-07-26,33.62824249267578
2016-07-27,33.641204833984375
2016-07-28,33.744930267333984
2016-07-29,33.79679489135742
2016-08-01,33.91350173950195
2016-08-02,33.647674560546875
2016-08-03,33.200347900390625
2016-08-04,33.27165985107422
2016-08-05,33.40782165527344
2016-08-08,33.647674560546875
2016-08-09,33.712520599365234
2016-08-10,33.63471984863281
2016-08-11,33.45318603515625
2016-08-12,33.62824249267578
2016-08-15,33.667137145996094
2016-08-16,33.62824249267578
2016-08-17,33.75789260864258
2016-08-18,33.56987762451172
2016-08-19,33.69955062866211
2016-08-22,33.56987762451172
2016-08-23,33.86810302734375
2016-08-24,33.98481369018555
2016-08-25,33.84217834472656
2016-08-26,33.68009567260742
2016-08-29,33.44022750854492
2016-08-30,33.54396057128906
2016-08-31,33.2392463684082
2016-09-01,33.174400329589844
2016-09-02,32.889163970947266
2016-09-05,33.2522087097168
2016-09-06,33.18088912963867
2016-09-07,33.27165985107422
2016-09-08,33.05771255493164
2016-09-09,32.77894973754883
2016-09-12,32.03337478637695
2016-09-13,32.000953674316406
2016-09-14,32.09821319580078
2016-09-15,32.22787094116211
2016-09-16,32.51961135864258
2016-09-19,32.539066314697266
2016-09-20,32.51313018798828
2016-09-21,32.81135940551758
2016-09-22,33.1873779296875
2016-09-23,33.51152801513672
2016-09-26,33.35594177246094
2016-09-27,33.23276138305664
2016-09-28,33.25869369506836
2016-09-29,33.16145706176758
2016-09-30,33.421661376953125
2016-10-02,33.671417236328125
2016-10-03,33.73057556152344
2016-10-04,33.507110595703125
2016-10-05,33.69114685058594
2016-10-06,33.59911346435547
2016-10-09,33.65827560424805
2016-10-10,33.68457794189453
2016-10-11,33.62541961669922
2016-10-12,33.38880157470703
2016-10-13,33.38223648071289
2016-10-16,33.12590789794922
2016-10-17,33.263919830322266
2016-10-18,33.39537811279297
2016-10-19,33.461090087890625
2016-10-20,33.36250305175781
2016-10-23,33.224483489990234
2016-10-24,33.441383361816406
2016-10-25,32.922149658203125
2016-10-26,32.560638427734375
2016-10-27,32.47520065307617
2016-10-30,32.6855354309082
2016-10-31,32.501495361328125
2016-11-01,32.11371994018555
2016-11-02,32.13343048095703
2016-11-03,31.890243530273438
2016-11-06,32.33060836791992
2016-11-07,32.39634704589844
2016-11-08,31.771930694580078
2016-11-09,32.84328079223633
2016-11-10,33.0995979309082
2016-11-13,33.04045867919922
2016-11-14,32.941864013671875
2016-11-15,32.9352912902832
2016-11-16,33.0141716003418
2016-11-17,33.158756256103516
2016-11-20,33.0995979309082
2016-11-21,33.51367950439453
2016-11-22,33.95405197143555
2016-11-23,33.940895080566406
2016-11-24,34.052635192871094
2016-11-27,33.83573532104492
2016-11-28,33.77657699584961
2016-11-29,33.60569381713867
2016-11-30,34.04606246948242
2016-12-01,33.69114685058594
2016-12-04,33.40851974487305
2016-12-05,33.592559814453125
2016-12-06,33.908023834228516
2016-12-07,34.295814514160156
2016-12-08,34.39440155029297
2016-12-11,34.41412353515625
2016-12-12,34.32868194580078
2016-12-13,34.571868896484375
2016-12-14,34.27609634399414
2016-12-15,34.21695327758789
2016-12-18,34.41412353515625
2016-12-19,34.5981559753418
2016-12-20,34.73618698120117
2016-12-21,34.926795959472656
2016-12-22,34.80848693847656
2016-12-27,35.202823638916016
2016-12-28,35.35022735595703
2016-12-29,35.12456512451172
2017-01-02,35.555992126464844
2017-01-03,35.54271697998047
2017-01-04,35.66218185424805
2017-01-05,35.668819427490234
2017-01-08,36.01397705078125
2017-01-09,35.68210220336914
2017-01-10,35.768375396728516
2017-01-11,35.74183654785156
2017-01-12,35.46970748901367
2017-01-15,35.628990173339844
2017-01-16,35.33031463623047
2017-01-17,35.190940856933594
2017-01-18,35.23740005493164
2017-01-19,35.084739685058594
2017-01-22,34.786067962646484
2017-01-23,35.011722564697266
2017-01-24,35.16437911987305
2017-01-26,35.39006042480469
2017-01-29,35.09137725830078
2017-01-30,34.85242462158203
2017-01-31,35.03164291381836
2017-02-01,34.998451232910156
2017-02-02,34.832523345947266
2017-02-05,34.80596923828125
2017-02-06,34.84579849243164
2017-02-07,35.05154800415039
2017-02-08,35.12456512451172
2017-02-09,35.476341247558594
2017-02-12,35.72191619873047
2017-02-13,35.728553771972656
2017-02-14,36.040523529052734
2017-02-15,36.0936164855957
2017-02-16,36.01397705078125
2017-02-19,35.98077392578125
2017-02-20,35.974143981933594
2017-02-21,36.1666145324707
2017-02-22,36.07369613647461
2017-02-23,35.78165817260742
2017-02-26,35.68210220336914
2017-02-27,35.655540466308594
2017-02-28,35.628990173339844
2017-03-01,36.126792907714844
2017-03-02,35.80820846557617
2017-03-05,35.94758224487305
2017-03-06,36.0604248046875
2017-03-07,36.067047119140625
2017-03-08,36.000694274902344
2017-03-09,36.21971893310547
2017-03-12,36.0936164855957
2017-03-13,36.12015914916992
2017-03-14,36.24626541137695
2017-03-15,36.28607940673828
2017-03-16,36.39893341064453
2017-03-19,36.21971893310547
2017-03-20,36.2396240234375
2017-03-21,35.655540466308594
2017-03-22,35.801570892333984
2017-03-23,36.086971282958984
2017-03-26,36.05378341674805
2017-03-27,36.53167724609375
2017-03-28,36.8436279296875
2017-03-29,36.99265670776367
2017-03-30,36.798770904541016
2017-04-03,36.83887481689453
2017-04-04,36.77201843261719
2017-04-05,36.85224151611328
2017-04-06,36.75864791870117
2017-04-07,36.79207992553711
2017-04-10,37.09961700439453
2017-04-11,37.240020751953125
2017-04-12,37.23333740234375
2017-04-13,36.9859619140625
2017-04-18,36.65167999267578
2017-04-19,36.44441223144531
2017-04-20,36.524635314941406
2017-04-21,36.78538513183594
2017-04-24,36.85224151611328
2017-04-26,37.11967849731445
2017-04-27,37.17315673828125
2017-04-28,37.17985153198242
2017-05-01,37.373748779296875
2017-05-02,37.32693862915039
2017-05-03,36.9859619140625
2017-05-04,36.88566970825195
2017-05-05,36.64498519897461
2017-05-08,36.9257926940918
2017-05-09,36.71184158325195
2017-05-10,36.94584655761719
2017-05-11,36.95922088623047
2017-05-12,36.67841720581055
2017-05-15,36.71853256225586
2017-05-16,36.8723030090332
2017-05-17,36.471153259277344
2017-05-18,36.23714828491211
2017-05-19,36.15692138671875
2017-05-22,36.44441223144531
2017-05-23,36.370872497558594
2017-05-24,36.44441223144531
2017-05-25,36.578125
2017-05-26,36.33075714111328
2017-05-29,36.04326248168945
2017-05-30,36.150230407714844
2017-05-31,36.15692138671875
2017-06-01,36.21039581298828
2017-06-02,36.59150314331055
2017-06-05,36.35081100463867
2017-06-06,35.7891960144043
2017-06-07,35.79588317871094
2017-06-08,35.849369049072266
2017-06-09,35.87611389160156
2017-06-13,36.48452377319336
2017-06-14,36.8723030090332
2017-06-15,36.38423156738281
2017-06-16,36.45109176635742
2017-06-19,36.67841720581055
2017-06-20,36.37755584716797
2017-06-21,35.7891960144043
2017-06-22,36.06330871582031
2017-06-23,36.10343551635742
2017-06-26,36.15692138671875
2017-06-27,36.09675216674805
2017-06-28,36.35749053955078
2017-06-29,36.81761169433594
2017-06-30,36.189247131347656
2017-07-03,35.96626281738281
2017-07-04,36.60138702392578
2017-07-05,36.54058837890625
2017-07-06,36.45951461791992
2017-07-07,36.07437515258789
2017-07-10,36.25004196166992
2017-07-11,36.27708053588867
2017-07-12,35.905460357666016
2017-07-13,36.337894439697266
2017-07-14,36.42573165893555
2017-07-17,36.41896438598633
2017-07-18,35.99329376220703
2017-07-19,36.2838249206543
2017-07-20,36.44599533081055
2017-07-21,36.20276641845703
2017-07-24,35.96626281738281
2017-07-25,36.23653793334961
2017-07-26,36.56086730957031
2017-07-27,36.614925384521484
2017-07-28,36.0473518371582
2017-07-31,36.20276641845703
2017-08-01,36.52708435058594
2017-08-02,36.35139465332031
2017-08-03,36.26356506347656
2017-08-04,36.21625900268555
2017-08-07,36.52708435058594
2017-08-08,36.3581657409668
2017-08-09,36.50004577636719
2017-08-10,36.45275115966797
2017-08-11,36.081138610839844
2017-08-14,36.304100036621094
2017-08-15,36.47978210449219
2017-08-16,36.75680923461914
2017-08-17,36.70950698852539
2017-08-18,36.53382873535156
2017-08-21,36.36491394042969
2017-08-22,36.587886810302734
2017-08-23,36.50004577636719
2017-08-24,36.54733657836914
2017-08-25,36.58113479614258
2017-08-28,36.36491394042969
2017-08-29,36.11492156982422
2017-08-30,36.17572021484375
2017-08-31,36.43922805786133
2017-09-01,36.52708435058594
2017-09-04,36.405460357666016
2017-09-05,36.405460357666016
2017-09-06,36.35139465332031
2017-09-07,36.3581657409668
2017-09-08,36.32436752319336
2017-09-11,36.6081657409668
2017-09-12,36.81086730957031
2017-09-13,36.82439041137695
2017-09-14,36.75680923461914
2017-09-15,36.52032470703125
2017-09-18,36.68247604370117
2017-09-19,36.6284294128418
2017-09-20,36.587886810302734
2017-09-21,36.27708053588867
2017-09-22,36.45275115966797
2017-09-25,36.46627426147461
2017-09-26,36.38517379760742
2017-09-27,36.337894439697266
2017-09-28,36.37074661254883
2017-09-29,36.4256706237793
2017-10-01,36.796382904052734
2017-10-02,36.54237365722656
2017-10-03,36.240318298339844
2017-10-04,36.24717712402344
2017-10-05,36.61102294921875
2017-10-08,36.82383346557617
2017-10-09,36.78266525268555
2017-10-10,37.02979278564453
2017-10-11,37.146507263183594
2017-10-12,37.297523498535156
2017-10-15,37.50347900390625
2017-10-16,37.764347076416016
2017-10-17,37.82612609863281
2017-10-18,37.78493881225586
2017-10-19,37.881046295166016
2017-10-22,37.8055305480957
2017-10-23,37.83985137939453
2017-10-24,37.874183654785156
2017-10-25,37.94283676147461
2017-10-26,37.86045455932617
2017-10-29,37.97029113769531
2017-10-30,37.91537094116211
2017-10-31,38.073265075683594
2017-11-01,38.073265075683594
2017-11-02,38.25176239013672
2017-11-05,38.189971923828125
2017-11-06,38.60186767578125
2017-11-07,38.6156005859375
2017-11-08,38.87646484375
2017-11-09,38.746036529541016
2017-11-12,38.869598388671875
2017-11-13,38.50575637817383
2017-11-14,38.265480041503906
2017-11-15,38.334136962890625
2017-11-16,38.42338562011719
2017-11-19,38.34786605834961
2017-11-20,38.48516082763672
2017-11-21,38.649932861328125
2017-11-22,38.6156005859375
2017-11-23,38.60186767578125
2017-11-26,38.65678787231445
2017-11-27,38.608741760253906
2017-11-28,38.787227630615234
2017-11-29,38.519493103027344
2017-11-30,38.65678787231445
2017-12-03,38.62245559692383
2017-12-04,38.50575637817383
2017-12-05,38.354732513427734
2017-12-06,38.6156005859375
2017-12-07,38.6705322265625
2017-12-10,38.70484161376953
2017-12-11,38.80095672607422
2017-12-12,38.84214401245117
2017-12-13,38.807823181152344
2017-12-14,38.68426513671875
2017-12-17,38.9657096862793
2017-12-18,39.17167282104492
2017-12-19,39.199119567871094
2017-12-20,39.05495834350586
2017-12-21,39.13047790527344
2017-12-26,39.13047790527344
2017-12-27,39.33155822753906
2017-12-28,39.179195404052734
2018-01-01,39.068382263183594
2018-01-02,39.23459243774414
2018-01-03,39.22073745727539
2018-01-04,39.553184509277344
2018-01-07,39.60859298706055
2018-01-08,39.622440338134766
2018-01-09,39.407745361328125
2018-01-10,39.19303894042969
2018-01-11,39.2276725769043
2018-01-14,39.26922607421875
2018-01-15,39.08222961425781
2018-01-16,38.86752700805664
2018-01-17,38.881385803222656
2018-01-18,38.80520248413086
2018-01-21,38.742862701416016
2018-01-22,39.03375244140625
2018-01-23,39.13764572143555
2018-01-24,39.10300827026367
2018-01-28,39.27614974975586
2018-01-29,38.92986297607422
2018-01-30,39.040672302246094
2018-01-31,39.34540939331055
2018-02-01,39.54624938964844
2018-02-04,38.94370651245117
2018-02-05,37.71784591674805
2018-02-06,37.9741096496582
2018-02-07,38.09184646606445
2018-02-08,37.72477722167969
2018-02-11,37.6278190612793
2018-02-12,37.85636901855469
2018-02-13,37.88406753540039
2018-02-14,38.34117126464844
2018-02-15,38.26498794555664
2018-02-18,38.53508758544922
2018-02-19,38.5489501953125
2018-02-20,38.5697135925293
2018-02-21,38.6251220703125
2018-02-22,38.95756530761719
2018-02-25,39.255367279052734
2018-02-26,39.37312316894531
2018-02-27,39.144561767578125
2018-02-28,38.92986297607422
2018-03-01,38.64590835571289
2018-03-04,38.41042709350586
2018-03-05,38.853675842285156
2018-03-06,38.5004768371582
2018-03-07,38.83982849121094
2018-03-08,38.98527145385742
2018-03-11,39.19997024536133
2018-03-12,39.040672302246094
2018-03-13,38.81212615966797
2018-03-14,38.722084045410156
2018-03-15,38.888301849365234
2018-03-18,38.97142028808594
2018-03-19,38.81904983520508
2018-03-20,38.89522933959961
2018-03-21,38.81212615966797
2018-03-22,38.0225830078125
2018-03-25,37.86330032348633
2018-03-26,38.13340759277344
2018-03-27,37.839576721191406
2018-03-28,37.643760681152344
2018-04-03,37.61577606201172
2018-04-04,37.66474151611328
2018-04-05,37.88152313232422
2018-04-06,37.87452697753906
2018-04-09,37.97943878173828
2018-04-10,38.30110549926758
2018-04-11,38.10529708862305
2018-04-12,38.01438903808594
2018-04-13,38.12627410888672
2018-04-16,38.19620895385742
2018-04-17,38.22418212890625
2018-04-18,38.336082458496094
2018-04-19,38.461944580078125
2018-04-20,38.378028869628906
2018-04-23,38.4759407043457
2018-04-24,38.734683990478516
2018-04-26,38.664756774902344
2018-04-27,38.93748092651367
2018-04-30,39.14726638793945
2018-05-01,39.37104797363281
2018-05-02,39.5738525390625
2018-05-03,39.86756134033203
2018-05-04,39.65776443481445
2018-05-07,39.776641845703125
2018-05-08,39.82560729980469
2018-05-09,39.958473205566406
2018-05-10,40.02140808105469
2018-05-11,40.007415771484375
2018-05-14,40.21721649169922
2018-05-15,40.0144157409668
2018-05-16,40.09832763671875
2018-05-17,40.049373626708984
2018-05-18,40.02140808105469
2018-05-21,40.00042724609375
2018-05-22,39.727699279785156
2018-05-23,39.6997184753418
2018-05-24,39.678749084472656
2018-05-25,39.68574523925781
2018-05-28,39.482940673828125
2018-05-29,39.538883209228516
2018-05-30,39.37104797363281
2018-05-31,39.54588317871094
2018-06-01,39.392024993896484
2018-06-04,39.51091384887695
2018-06-05,39.440982818603516
2018-06-06,39.65078353881836
2018-06-07,39.853572845458984
2018-06-08,39.78364181518555
2018-06-12,39.82560729980469
2018-06-13,39.63677978515625
2018-06-14,39.5738525390625
2018-06-15,40.105316162109375
2018-06-18,40.140289306640625
2018-06-19,40.15427780151367
2018-06-20,40.5948486328125
2018-06-21,41.00743103027344
2018-06-22,40.965476989746094
2018-06-25,40.84659194946289
2018-06-26,40.76966857910156
2018-06-27,40.741695404052734
2018-06-28,40.96293640136719
2018-06-29,40.82213592529297
2018-07-02,40.73062515258789
2018-07-03,40.927734375
2018-07-04,40.7587776184082
2018-07-05,40.95589065551758
2018-07-06,41.336021423339844
2018-07-09,41.39234161376953
2018-07-10,41.272674560546875
2018-07-11,40.96293640136719
2018-07-12,41.32194519042969
2018-07-13,41.30786895751953
2018-07-16,41.12482833862305
2018-07-17,40.89957046508789
2018-07-18,41.15299606323242
2018-07-19,41.265621185302734
2018-07-20,41.40642547607422
2018-07-23,41.047401428222656
2018-07-24,41.2867431640625
2018-07-25,41.167076110839844
2018-07-26,41.174110412597656
2018-07-27,41.56834030151367
2018-07-30,41.328975677490234
2018-07-31,41.39937973022461
2018-08-01,41.37826919555664
2018-08-02,41.145957946777344
2018-08-03,41.12482833862305
2018-08-06,41.336021423339844
2018-08-07,41.20226287841797
2018-08-08,41.31489562988281
2018-08-09,41.504974365234375
2018-08-10,41.371219635009766
2018-08-13,41.230430603027344
2018-08-14,41.55424499511719
2018-08-15,41.89918518066406
2018-08-16,41.871028900146484
2018-08-17,41.94143295288086
2018-08-20,42.018856048583984
2018-08-21,41.645748138427734
2018-08-22,41.53314208984375
2018-08-23,41.39937973022461
2018-08-24,41.46977615356445
2018-08-27,41.57536697387695
2018-08-28,41.87806701660156
2018-08-29,42.16668701171875
2018-08-30,42.194847106933594
2018-08-31,42.018856048583984
2018-09-03,41.94143295288086
2018-09-04,41.79359436035156
2018-09-05,41.44161605834961
2018-09-06,41.019248962402344
2018-09-07,40.91365051269531
2018-09-10,40.91365051269531
2018-09-11,41.230430603027344
2018-09-12,41.21635437011719
2018-09-13,40.89957046508789
2018-09-14,41.25153732299805
2018-09-17,41.2867431640625
2018-09-18,41.117794036865234
2018-09-19,41.34306716918945
2018-09-20,41.181148529052734
2018-09-21,41.30083465576172
2018-09-24,41.30786895751953
2018-09-25,41.265621185302734
2018-09-26,41.35010528564453
2018-09-27,41.28244400024414
2018-09-28,41.418357849121094
2018-10-01,41.182289123535156
2018-10-02,40.917625427246094
2018-10-03,41.0463752746582
2018-10-04,41.23951721191406
2018-10-05,41.29673767089844
2018-10-07,40.73162078857422
2018-10-08,40.33819580078125
2018-10-09,40.509864807128906
2018-10-10,39.30809020996094
2018-10-11,39.279483795166016
2018-10-14,38.993343353271484
2018-10-15,39.20079803466797
2018-10-16,39.665767669677734
2018-10-17,39.687225341796875
2018-10-18,39.665767669677734
2018-10-21,39.42254638671875
2018-10-22,39.036258697509766
2018-10-23,38.90034484863281
2018-10-24,37.813026428222656
2018-10-25,37.848793029785156
2018-10-28,38.270851135253906
2018-10-29,38.750118255615234
2018-10-30,38.971885681152344
2018-10-31,38.9647331237793
2018-11-01,38.93612289428711
2018-11-04,38.95757293701172
2018-11-05,39.22940444946289
2018-11-06,39.40823745727539
2018-11-07,39.63715362548828
2018-11-08,39.63715362548828
2018-11-11,39.808841705322266
2018-11-12,39.17934036254883
2018-11-13,38.521209716796875
2018-11-14,38.39246368408203
2018-11-15,38.449676513671875
2018-11-18,38.270851135253906
2018-11-19,38.0705451965332
2018-11-20,37.970394134521484
2018-11-21,38.23508071899414
2018-11-22,38.34953689575195
2018-11-25,38.084861755371094
2018-11-26,38.47829055786133
2018-11-27,38.47114562988281
2018-11-28,38.64998245239258
2018-11-29,38.077701568603516
2018-12-02,38.75727844238281
2018-12-03,38.385311126708984
2018-12-04,38.077701568603516
2018-12-05,37.98470687866211
2018-12-06,38.16353988647461
2018-12-09,37.31943893432617
2018-12-10,37.44104766845703
2018-12-11,37.95608901977539
2018-12-12,37.99186325073242
2018-12-13,37.6055793762207
2018-12-16,38.020484924316406
2018-12-17,37.50543212890625
2018-12-18,37.23359298706055
2018-12-19,37.05477523803711
2018-12-20,36.682777404785156
2018-12-23,36.87591552734375
2018-12-26,37.55550003051758
2018-12-27,38.187278747558594
2018-12-30,38.035484313964844
2019-01-01,37.39939498901367
2019-01-02,37.92706298828125
2019-01-03,37.79695129394531
2019-01-06,38.237876892089844
2019-01-07,38.59928894042969
2019-01-08,38.90288162231445
2019-01-09,39.03299331665039
2019-01-10,38.95347595214844
2019-01-13,38.87396240234375
2019-01-14,39.11973190307617
2019-01-15,39.26429748535156
2019-01-16,39.39441680908203
2019-01-17,39.54619216918945
2019-01-20,39.71244812011719
2019-01-21,39.445003509521484
2019-01-22,39.30044174194336
2019-01-23,39.517276763916016
2019-01-24,39.75582504272461
2019-01-28,39.52451705932617
2019-01-29,39.5968017578125
2019-01-30,39.47392272949219
2019-01-31,39.47392272949219
2019-02-03,39.654624938964844
2019-02-04,40.362998962402344
2019-02-05,40.56539535522461
2019-02-06,41.04246139526367
2019-02-07,40.876220703125
2019-02-10,40.78224563598633
2019-02-11,40.94126892089844
2019-02-12,40.92681121826172
2019-02-13,40.90512466430664
2019-02-14,40.97018051147461
2019-02-17,41.10751724243164
2019-02-18,41.259315490722656
2019-02-19,41.179805755615234
2019-02-20,41.4544792175293
2019-02-21,41.70024108886719
2019-02-24,41.80867004394531
2019-02-25,41.49785614013672
2019-02-26,41.671329498291016
2019-02-27,41.80867004394531
2019-02-28,42.01829528808594
2019-03-03,42.21345520019531
2019-03-04,42.08333206176758
2019-03-05,42.40862274169922
2019-03-06,42.67607498168945
2019-03-07,42.24237060546875
2019-03-10,42.08333206176758
2019-03-11,42.0544319152832
2019-03-12,41.974918365478516
2019-03-13,42.090579986572266
2019-03-14,42.10503005981445
2019-03-17,42.15562438964844
2019-03-18,42.148406982421875
2019-03-19,42.025516510009766
2019-03-20,42.01829528808594
2019-03-21,42.21345520019531
2019-03-24,41.80143737792969
2019-03-25,41.772525787353516
2019-03-26,41.815895080566406
2019-03-27,42.09714889526367
2019-03-28,42.133731842041016
2019-03-31,42.441062927246094
2019-04-01,42.536190032958984
2019-04-02,42.82889175415039
2019-04-03,42.4630241394043
2019-04-04,42.15568542480469
2019-04-08,42.41179656982422
2019-04-09,42.38985824584961
2019-04-10,42.4776496887207
2019-04-11,42.25081253051758
2019-04-12,42.59473419189453
2019-04-15,42.60935592651367
2019-04-16,42.78498458862305
2019-04-17,42.65327072143555
2019-04-18,42.64595413208008
2019-04-23,43.00450897216797
2019-04-24,43.502098083496094
2019-04-26,43.58258056640625
2019-04-29,43.37038040161133
2019-04-30,43.16549301147461
2019-05-01,43.46550750732422
2019-05-02,43.20939636230469
2019-05-03,43.245975494384766
2019-05-06,42.82158279418945
2019-05-07,42.88743591308594
2019-05-08,42.733768463134766
2019-05-09,42.91669464111328
2019-05-10,43.07767868041992
2019-05-13,43.1508674621582
2019-05-14,42.689857482910156
2019-05-15,42.98257064819336
2019-05-16,43.348426818847656
2019-05-17,43.60454177856445
2019-05-20,44.37286376953125
2019-05-21,44.53385925292969
2019-05-22,44.5997200012207
2019-05-23,44.47530746459961
2019-05-24,44.241146087646484
2019-05-27,44.211883544921875
2019-05-28,44.402130126953125
2019-05-29,44.138702392578125
2019-05-30,43.79479217529297
2019-05-31,43.82404708862305
2019-06-03,43.31184005737305
2019-06-04,43.289894104003906
2019-06-05,43.60454177856445
2019-06-06,43.75088882446289
2019-06-07,44.167972564697266
2019-06-11,44.855812072753906
2019-06-12,44.84117889404297
2019-06-13,44.8265495300293
2019-06-14,44.92899703979492
2019-06-17,44.79727554321289
2019-06-18,45.03874969482422
2019-06-19,45.70463562011719
2019-06-20,45.83635711669922
2019-06-21,45.543663024902344
2019-06-24,45.69000244140625
2019-06-25,45.64609909057617
2019-06-26,45.529014587402344
2019-06-27,45.735137939453125
2019-06-28,45.48322677612305
2019-07-01,45.69808578491211
2019-07-02,45.65363311767578
2019-07-03,45.93517303466797
2019-07-04,46.19448471069336
2019-07-05,46.483436584472656
2019-07-08,45.890724182128906
2019-07-09,45.74254608154297
2019-07-10,45.93517303466797
2019-07-11,46.150028228759766
2019-07-12,45.994449615478516
2019-07-15,45.71291732788086
2019-07-16,45.61658477783203
2019-07-17,45.8388557434082
2019-07-18,45.63881301879883
2019-07-19,46.00926208496094
2019-07-22,45.94258499145508
2019-07-23,46.15743637084961
2019-07-24,46.52047348022461
2019-07-25,46.816829681396484
2019-07-26,46.70569610595703
2019-07-29,46.890926361083984
2019-07-30,47.03910446166992
2019-07-31,46.787193298339844
2019-08-01,46.64643096923828
2019-08-02,46.44639205932617
2019-08-05,45.809226989746094
2019-08-06,44.675662994384766
2019-08-07,44.77938461303711
2019-08-08,45.10538101196289
2019-08-09,45.268375396728516
2019-08-12,45.29059600830078
2019-08-13,45.120201110839844
2019-08-14,45.40913772583008
2019-08-15,44.149620056152344
2019-08-16,44.157039642333984
2019-08-19,44.58675765991211
2019-08-20,45.135005950927734
2019-08-21,44.73493194580078
2019-08-22,44.88311767578125
2019-08-23,45.03870391845703
2019-08-26,44.46820831298828
2019-08-27,44.712703704833984
2019-08-28,44.949790954589844
2019-08-29,44.95719528198242
2019-08-30,45.661048889160156
2019-09-02,45.527679443359375
2019-09-03,45.51285934448242
2019-09-04,45.39432907104492
2019-09-05,45.89813232421875
2019-09-06,46.172264099121094
2019-09-09,46.17966842651367
2019-09-10,45.95740509033203
2019-09-11,46.03889465332031
2019-09-12,46.23893356323242
2019-09-13,46.372291564941406
2019-09-16,46.438968658447266
2019-09-17,46.550113677978516
2019-09-18,46.461204528808594
2019-09-19,46.72792434692383
2019-09-20,46.77979278564453
2019-09-23,46.950191497802734
2019-09-24,47.07614517211914
2019-09-25,46.639015197753906
2019-09-26,46.579750061035156
2019-09-27,47.174049377441406
2019-09-30,46.65608215332031
2019-10-01,47.14402770996094
2019-10-02,46.18313980102539
2019-10-03,45.792762756347656
2019-10-04,45.37987518310547
2019-10-06,45.71770477294922
2019-10-07,45.83029556274414
2019-10-08,45.5300178527832
2019-10-09,45.545040130615234
2019-10-10,45.935394287109375
2019-10-13,46.22065734863281
2019-10-14,46.29572677612305
2019-10-15,46.843746185302734
2019-10-16,46.52095413208008
2019-10-17,46.24318313598633
2019-10-20,46.39332580566406
2019-10-21,46.41585159301758
2019-10-22,46.39332580566406
2019-10-23,46.56599044799805
2019-10-24,46.873779296875
2019-10-27,46.888797760009766
2019-10-28,46.918819427490234
2019-10-29,46.53595733642578
2019-10-30,46.34078598022461
2019-10-31,46.39332580566406
2019-11-03,46.61853790283203
2019-11-04,46.5885124206543
2019-11-05,46.31826400756836
2019-11-06,46.791202545166016
2019-11-07,46.72364044189453
2019-11-10,47.29417419433594
2019-11-11,47.24912643432617
2019-11-12,46.746158599853516
2019-11-13,47.0839729309082
2019-11-14,47.466835021972656
2019-11-17,47.421783447265625
2019-11-18,47.662017822265625
2019-11-19,46.9788703918457
2019-11-20,46.59601974487305
2019-11-21,46.89628982543945
2019-11-24,47.046443939208984
2019-11-25,47.42929458618164
2019-11-26,47.81966781616211
2019-11-27,47.99982833862305
2019-11-28,47.872215270996094
2019-12-01,48.14997482299805
2019-12-02,46.89628982543945
2019-12-03,46.19814682006836
2019-12-04,46.65608215332031
2019-12-05,46.888797760009766
2019-12-08,47.0839729309082
2019-12-09,46.85875701904297
2019-12-10,47.15153503417969
2019-12-11,46.918819427490234
2019-12-12,47.0989875793457
2019-12-15,47.96980285644531
2019-12-16,47.86470031738281
2019-12-17,47.917259216308594
2019-12-18,47.74459457397461
2019-12-19,47.624473571777344
2019-12-22,47.42929458618164
2019-12-23,47.444305419921875
2019-12-26,47.662017822265625
2019-12-29,47.67011260986328
2019-12-30,46.85162353515625
2020-01-01,46.904666900634766
2020-01-02,47.0713996887207
2020-01-05,47.18508529663086
2020-01-06,47.85959243774414
2020-01-07,47.75348663330078
2020-01-08,48.147579193115234
2020-01-09,48.579566955566406
2020-01-12,48.32189178466797
2020-01-13,48.746299743652344
2020-01-14,48.943355560302734
2020-01-15,49.30713653564453
2020-01-16,49.526912689208984
2020-01-19,49.610286712646484
2020-01-20,49.51932907104492
2020-01-21,49.98920822143555
2020-01-22,49.648162841796875
2020-01-23,49.8527946472168
2020-01-27,49.00397872924805
2020-01-28,49.26922607421875
2020-01-29,49.079776763916016
2020-01-30,49.17070388793945
2020-02-02,48.5037841796875
2020-02-03,48.67051696777344
2020-02-04,48.89787673950195
2020-02-05,49.3904914855957
2020-02-06,49.15556716918945
2020-02-09,49.08734893798828
2020-02-10,49.413230895996094
2020-02-11,49.6557502746582
2020-02-12,49.71638107299805
2020-02-13,49.96647262573242
2020-02-16,49.913429260253906
2020-02-17,49.845211029052734
2020-02-18,50.16352844238281
2020-02-19,50.29235076904297
2020-02-20,50.155941009521484
2020-02-23,49.0418701171875
2020-02-24,48.276424407958984
2020-02-25,47.24571990966797
2020-02-26,46.86677932739258
2020-02-27,45.31314468383789
2020-03-01,45.161563873291016
2020-03-02,45.39651107788086
2020-03-03,44.631065368652344
2020-03-04,45.26768493652344
2020-03-05,44.221805572509766
2020-03-08,40.84927749633789
2020-03-09,42.099761962890625
2020-03-10,40.59918212890625
2020-03-11,37.893577575683594
2020-03-12,39.40174865722656
2020-03-15,35.991329193115234
2020-03-16,37.54495620727539
2020-03-17,35.25618362426758
2020-03-18,34.62716293334961
2020-03-19,34.57538604736328
2020-03-22,33.03615188598633
2020-03-23,34.01636505126953
2020-03-24,35.72406768798828
2020-03-25,36.635353088378906
2020-03-26,34.812782287597656
2020-03-29,36.71193313598633
2020-03-30,36.75023651123047
2020-03-31,37.10248565673828
2020-04-01,36.757877349853516
2020-04-02,35.70109558105469
2020-04-06,37.43178176879883
2020-04-07,37.21735763549805
2020-04-08,36.918697357177734
2020-04-09,37.9525146484375
2020-04-14,38.909751892089844
2020-04-15,38.779563903808594
2020-04-16,38.396671295166016
2020-04-17,39.05524444580078
2020-04-20,38.1286506652832
2020-04-21,37.056541442871094
2020-04-22,37.07186508178711
2020-04-23,37.048885345458984
2020-04-24,37.2097053527832
2020-04-27,37.745750427246094
2020-04-28,37.722782135009766
2020-04-29,38.20523452758789
2020-04-30,39.139495849609375
2020-05-01,37.31691360473633
2020-05-04,37.67683029174805
2020-05-05,38.42730712890625
2020-05-06,38.2971305847168
2020-05-07,38.10567092895508
2020-05-08,38.33541488647461
2020-05-11,38.81019592285156
2020-05-12,38.81785583496094
2020-05-13,38.51920700073242
2020-05-14,37.88358688354492
2020-05-15,38.14397430419922
2020-05-18,38.79488754272461
2020-05-19,39.50706100463867
2020-05-20,39.560665130615234
2020-05-21,39.422828674316406
2020-05-22,39.05524444580078
2020-05-25,39.83636474609375
2020-05-26,40.66341018676758
2020-05-27,41.053958892822266
2020-05-28,41.52875900268555
2020-05-29,41.2300910949707
2020-06-01,41.344966888427734
2020-06-02,41.55173110961914
2020-06-03,42.210304260253906
2020-06-04,42.5549201965332
2020-06-05,42.616180419921875
2020-06-09,43.67295837402344
2020-06-10,43.66529846191406
2020-06-11,42.34048080444336
2020-06-12,41.59001541137695
2020-06-15,40.648101806640625
2020-06-16,42.27156448364258
2020-06-17,42.570228576660156
2020-06-18,42.210304260253906
2020-06-19,42.19499206542969
2020-06-22,42.21795654296875
2020-06-23,42.30219650268555
2020-06-24,42.34048080444336
2020-06-25,41.32964324951172
2020-06-26,41.9499397277832
2020-06-29,41.635074615478516
2020-06-30,41.95735549926758
2020-07-01,42.17219924926758
2020-07-02,42.901153564453125
2020-07-03,43.06229019165039
2020-07-06,42.80908203125
2020-07-07,42.78604507446289
2020-07-08,42.1031379699707
2020-07-09,42.41773986816406
2020-07-10,42.11080551147461
2020-07-13,42.548187255859375
2020-07-14,42.256595611572266
2020-07-15,43.054622650146484
2020-07-16,42.70933151245117
2020-07-17,42.9088249206543
2020-07-20,42.67095184326172
2020-07-21,43.78358840942383
2020-07-22,43.22343826293945
2020-07-23,43.392250061035156
2020-07-24,42.81675720214844
2020-07-27,43.00090789794922
2020-07-28,42.83976745605469
2020-07-29,42.70933151245117
2020-07-30,43.008583068847656
2020-07-31,42.3717041015625
2020-08-03,42.18754959106445
2020-08-04,42.92417907714844
2020-08-05,42.71699142456055
2020-08-06,42.97789001464844
2020-08-07,42.74001693725586
2020-08-10,43.48432159423828
2020-08-11,43.88334274291992
2020-08-12,43.607093811035156
2020-08-13,43.29248809814453
2020-08-14,43.6224365234375
2020-08-17,43.261810302734375
2020-08-18,43.5764045715332
2020-08-19,43.967735290527344
2020-08-20,43.61477279663086
2020-08-21,43.553382873535156
2020-08-24,43.77590560913086
2020-08-25,43.99076843261719
2020-08-26,43.69150924682617
2020-08-27,43.76823425292969
2020-08-28,43.43828201293945
2020-08-31,43.42293930053711
2020-09-01,42.632598876953125
2020-09-02,43.407596588134766
2020-09-03,43.83729934692383
2020-09-04,42.51749038696289
2020-09-07,42.66328048706055
2020-09-08,43.09299087524414
2020-09-09,42.494468688964844
2020-09-10,42.4254150390625
2020-09-11,42.0954704284668
2020-09-14,42.387046813964844
2020-09-15,42.34867858886719
2020-09-16,42.763038635253906
2020-09-17,42.256595611572266
2020-09-18,42.11080551147461
2020-09-21,41.81155776977539
2020-09-22,41.5583381652832
2020-09-23,42.532840728759766
2020-09-24,42.21824264526367
2020-09-25,42.80140686035156
2020-09-28,42.77070999145508
2020-09-29,42.762733459472656
2020-09-30,41.827056884765625
2020-10-01,42.221431732177734
2020-10-02,41.618263244628906
2020-10-04,42.64673614501953
2020-10-05,42.801395416259766
2020-10-06,43.412288665771484
2020-10-07,43.806671142578125
2020-10-08,43.8221321105957
2020-10-11,44.04638671875
2020-10-12,44.57994842529297
2020-10-13,44.38663101196289
2020-10-14,44.57994842529297
2020-10-15,44.34796905517578
2020-10-18,44.75782012939453
2020-10-19,44.425296783447266
2020-10-20,44.48716354370117
2020-10-21,44.35570526123047
2020-10-22,44.30929946899414
2020-10-25,44.24744415283203
2020-10-26,43.49736022949219
2020-10-27,43.62881088256836
2020-10-28,42.82460021972656
2020-10-29,42.56940841674805
2020-11-01,42.7550048828125
2020-11-02,43.60561752319336
2020-11-03,43.551490783691406
2020-11-04,44.09279251098633
2020-11-05,44.35570526123047
2020-11-08,45.291378021240234
2020-11-09,45.55429458618164
2020-11-10,46.36624526977539
2020-11-11,46.1806640625
2020-11-12,46.11106872558594
2020-11-15,46.73743438720703
2020-11-16,46.79155731201172
2020-11-17,46.977142333984375
2020-11-18,47.1163330078125
2020-11-19,47.077674865722656
2020-11-22,47.247798919677734
2020-11-23,47.866424560546875
2020-11-24,48.12934112548828
2020-11-25,47.81229019165039
2020-11-26,47.54936599731445
2020-11-29,46.96168899536133
2020-11-30,47.46432113647461
2020-12-01,47.472049713134766
2020-12-02,47.63443374633789
2020-12-03,47.789093017578125
2020-12-06,48.059749603271484
2020-12-07,48.1834716796875
2020-12-08,48.48505401611328
2020-12-09,48.16800308227539
2020-12-10,47.820037841796875
2020-12-13,47.95149612426758
2020-12-14,47.742698669433594
2020-12-15,48.12161636352539
2020-12-16,48.601051330566406
2020-12-17,48.05200958251953
2020-12-20,47.97467803955078
2020-12-21,47.46432113647461
2020-12-22,47.81229019165039
2020-12-23,47.98241424560547
2020-12-28,48.29173278808594
2020-12-29,48.23106384277344
2020-12-30,47.73310852050781
2021-01-03,48.18437957763672
2021-01-04,48.052120208740234
2021-01-05,47.647525787353516
2021-01-06,48.410011291503906
2021-01-07,48.71345901489258
2021-01-10,48.26218795776367
2021-01-11,48.16881561279297
2021-01-12,48.22327423095703
2021-01-13,48.410011291503906
2021-01-14,48.441131591796875
2021-01-17,48.036556243896484
2021-01-18,48.65121078491211
2021-01-19,48.83016586303711
2021-01-20,49.21140670776367
2021-01-21,49.03245544433594
2021-01-24,49.195838928222656
2021-01-26,48.88462448120117
2021-01-27,47.92761993408203
2021-01-28,47.63197326660156
2021-01-31,48.044334411621094
2021-02-01,48.7912483215332
2021-02-02,49.18805694580078
2021-02-03,48.799041748046875
2021-02-04,49.35145950317383
2021-02-07,49.63154602050781
2021-02-08,49.18805694580078
2021-02-09,49.47593688964844
2021-02-10,49.38257598876953
2021-02-11,49.09469985961914
2021-02-14,49.6237678527832
2021-02-15,49.98167037963867
2021-02-16,49.740478515625
2021-02-17,49.78715133666992
2021-02-18,49.11025619506836
2021-02-21,49.01689147949219
2021-02-22,49.460384368896484
2021-02-23,49.0557975769043
2021-02-24,49.52262878417969
2021-02-25,48.332210540771484
2021-02-28,49.250308990478516
2021-03-01,49.0557975769043
2021-03-02,49.468162536621094
2021-03-03,49.250308990478516
2021-03-04,48.89240264892578
2021-03-07,49.11025619506836
2021-03-08,49.343666076660156
2021-03-09,48.946868896484375
2021-03-10,48.977989196777344
2021-03-11,49.343666076660156
2021-03-14,49.40591049194336
2021-03-15,49.78715133666992
2021-03-16,49.5304069519043
2021-03-17,49.18805694580078
2021-03-18,49.20362854003906
2021-03-21,49.226966857910156
2021-03-22,49.18028259277344
2021-03-23,49.42148208618164
2021-03-24,49.460384368896484
2021-03-25,49.7949333190918
2021-03-28,49.56930160522461
2021-03-29,49.14364242553711
2021-03-30,49.48093795776367
2021-03-31,49.83391571044922
2021-04-06,50.22612380981445
2021-04-07,50.484981536865234
2021-04-08,51.01054763793945
2021-04-09,51.01054763793945
2021-04-12,50.89288330078125
2021-04-13,50.861507415771484
2021-04-14,51.20664596557617
2021-04-15,51.496883392333984
2021-04-16,51.52041244506836
2021-04-19,51.52041244506836
2021-04-20,51.136051177978516
2021-04-21,50.97917556762695
2021-04-22,51.457672119140625
2021-04-23,51.47335433959961
2021-04-26,51.40276336669922
2021-04-27,51.28508377075195
2021-04-28,51.551795959472656
2021-04-29,51.64591598510742
2021-04-30,51.12820053100586
2021-05-03,51.277244567871094
2021-05-04,51.5439567565918
2021-05-05,51.74789810180664
2021-05-06,51.489036560058594
2021-05-07,51.64591598510742
2021-05-10,52.3597526550293
2021-05-11,51.81065368652344
2021-05-12,51.4184455871582
2021-05-13,51.10467529296875
2021-05-14,51.32432174682617
2021-05-17,51.52825927734375
2021-05-18,51.755741119384766
2021-05-19,50.68109893798828
2021-05-20,51.3949089050293
2021-05-21,51.44981384277344
2021-05-24,51.575321197509766
2021-05-25,52.06167221069336
2021-05-26,51.936153411865234
2021-05-27,51.936153411865234
2021-05-28,52.555843353271484
2021-05-31,52.43819046020508
2021-06-01,52.304832458496094
2021-06-02,52.80685806274414
2021-06-03,53.12062454223633
2021-06-04,53.403011322021484
2021-06-07,53.30889129638672
2021-06-08,53.37163543701172
2021-06-09,53.2696647644043
2021-06-10,53.46576690673828
2021-06-11,53.55205154418945
2021-06-15,54.1168212890625
2021-06-16,54.12467575073242
2021-06-17,53.92857360839844
2021-06-18,53.91289138793945
2021-06-21,52.99510955810547
2021-06-22,53.76384735107422
2021-06-23,53.426551818847656
2021-06-24,53.09709167480469
2021-06-25,53.50498580932617
2021-06-28,53.51283645629883
2021-06-29,53.57060623168945
2021-06-30,53.60224151611328
2021-07-01,53.29385757446289
2021-07-02,53.59432601928711
2021-07-05,53.64176940917969
2021-07-06,53.17524719238281
2021-07-07,53.744564056396484
2021-07-08,53.839454650878906
2021-07-09,53.31758117675781
2021-07-12,53.7603759765625
2021-07-13,53.7603759765625
2021-07-14,53.926429748535156
2021-07-15,53.752471923828125
2021-07-16,53.86317825317383
2021-07-19,53.41246795654297
2021-07-20,53.17524719238281
2021-07-21,53.61014175415039
2021-07-22,54.13992691040039
2021-07-23,54.234798431396484
2021-07-26,54.22690200805664
2021-07-27,54.48783874511719
2021-07-28,54.068748474121094
2021-07-29,54.385047912597656
2021-07-30,54.22690200805664
2021-08-02,54.90691375732422
2021-08-03,54.7803955078125
2021-08-04,54.9859733581543
2021-08-05,55.08087921142578
2021-08-06,55.17575454711914
2021-08-09,55.2706413269043
2021-08-10,55.420867919921875
2021-08-11,55.5552978515625
2021-08-12,55.65018081665039
2021-08-13,56.02971267700195
2021-08-16,55.681800842285156
2021-08-17,55.20737838745117
2021-08-18,55.20737838745117
2021-08-19,54.92272186279297
2021-08-20,54.91481018066406
2021-08-23,55.112491607666016
2021-08-24,55.2706413269043
2021-08-25,55.51576232910156
2021-08-26,55.15993881225586
2021-08-27,55.15993881225586
2021-08-30,55.333892822265625
2021-08-31,55.5552978515625
2021-09-01,55.45248794555664
2021-09-02,55.499942779541016
2021-09-03,55.792503356933594
2021-09-06,55.88737487792969
2021-09-07,55.94274139404297
2021-09-08,55.729248046875
2021-09-09,54.76458740234375
2021-09-10,55.01760482788086
2021-09-13,55.215293884277344
2021-09-14,55.28644943237305
2021-09-15,55.112491607666016
2021-09-16,55.4129638671875
2021-09-17,54.92272186279297
2021-09-20,53.84735107421875
2021-09-21,54.052940368652344
2021-09-22,54.242706298828125
2021-09-23,54.819923400878906
2021-09-24,54.574806213378906
2021-09-27,54.92272186279297
2021-09-28,54.09247970581055
2021-09-29,53.53561019897461
2021-09-30,54.266441345214844
2021-10-01,53.447265625
2021-10-03,54.11384963989258
2021-10-04,53.88898468017578
2021-10-05,53.58378982543945
2021-10-06,53.96125411987305
2021-10-07,54.37084197998047
2021-10-10,54.282501220703125
2021-10-11,54.04959487915039
2021-10-12,54.145973205566406
2021-10-13,54.4029655456543
2021-10-14,54.82060241699219
2021-10-17,54.86878204345703
2021-10-18,54.86074447631836
2021-10-19,55.22214889526367
2021-10-20,55.157901763916016
2021-10-21,55.13380813598633
2021-10-24,55.33457946777344
2021-10-25,55.34262466430664
2021-10-26,55.43095016479492
2021-10-27,55.23017501831055
2021-10-28,54.35479736328125
2021-10-31,54.804527282714844
2021-11-01,54.49131393432617
2021-11-02,55.0213737487793
2021-11-03,55.28639602661133
2021-11-04,55.543399810791016
2021-11-07,55.527320861816406
2021-11-08,55.45505142211914
2021-11-09,55.350650787353516
2021-11-10,54.98925018310547
2021-11-11,55.53535842895508
2021-11-14,55.704010009765625
2021-11-15,55.390804290771484
2021-11-16,54.98925018310547
2021-11-17,55.09364700317383
2021-11-18,55.21411895751953
2021-11-21,54.884830474853516
2021-11-22,55.34262466430664
2021-11-23,55.27836608886719
2021-11-24,55.28639602661133
2021-11-25,54.39493942260742
2021-11-28,54.16204071044922
2021-11-29,54.21022033691406
2021-11-30,54.08172607421875
2021-12-01,53.97732162475586
2021-12-02,54.09779357910156
2021-12-05,54.137935638427734
2021-12-06,54.667999267578125
2021-12-07,55.438995361328125
2021-12-08,55.141841888427734
2021-12-09,54.933021545410156
2021-12-12,55.11773681640625
2021-12-13,55.12577438354492
2021-12-14,54.65193557739258
2021-12-15,54.531471252441406
2021-12-16,54.708160400390625
2021-12-19,54.483280181884766
2021-12-20,54.96516036987305
2021-12-21,55.01333999633789
2021-12-22,55.141841888427734
2021-12-23,55.44701385498047
2021-12-28,56.0975341796875
2021-12-29,56.1911506652832
2021-12-30,55.70603561401367
2022-01-03,56.77327346801758
2022-01-04,56.61965560913086
2022-01-05,55.04306411743164
2022-01-06,55.730281829833984
2022-01-09,55.67369079589844
2022-01-10,55.23710632324219
2022-01-11,55.600929260253906
2022-01-12,55.835411071777344
2022-01-13,55.2613525390625
2022-01-16,55.45539855957031
2022-01-17,55.36647033691406
2022-01-18,54.792423248291016
2022-01-19,54.90562438964844
2022-01-20,53.70902633666992
2022-01-23,53.385623931884766
2022-01-24,52.059669494628906
2022-01-26,51.14606475830078
2022-01-27,52.30223083496094
2022-01-30,52.12436294555664
2022-01-31,52.657981872558594
2022-02-01,53.02180099487305
2022-02-02,52.94095230102539
2022-02-03,53.11882019042969
2022-02-06,53.191593170166016
2022-02-07,53.74136734008789
2022-02-08,54.331581115722656
2022-02-09,54.50944900512695
2022-02-10,53.94349670410156
2022-02-13,54.15372848510742
2022-02-14,53.98392868041992
2022-02-15,54.60647201538086
2022-02-16,54.62264633178711
2022-02-17,54.09711456298828
2022-02-20,54.210304260253906
2022-02-21,53.51499557495117
2022-02-22,54.016258239746094
2022-02-23,52.67414093017578
2022-02-24,52.80350875854492
2022-02-27,53.07840347290039
2022-02-28,53.57966613769531
2022-03-01,53.806053161621094
2022-03-02,54.10520553588867
2022-03-03,53.773712158203125
2022-03-06,53.27244186401367
2022-03-07,52.84393310546875
2022-03-08,53.40180206298828
2022-03-09,54.05669021606445
2022-03-10,53.52307891845703
2022-03-13,54.1860466003418
2022-03-14,53.83031463623047
2022-03-15,54.41242980957031
2022-03-16,55.059234619140625
2022-03-17,55.180519104003906
2022-03-20,55.180519104003906
2022-03-21,55.6413688659668
2022-03-22,55.96475601196289
2022-03-23,56.0213623046875
2022-03-24,56.1911506652832
2022-03-27,56.239662170410156
2022-03-28,56.61155319213867
2022-03-29,56.97843933105469
2022-03-30,56.91307830810547
2022-03-31,56.84772872924805
2022-04-04,56.97843933105469
2022-04-05,57.09279251098633
2022-04-06,56.725196838378906
2022-04-07,56.455604553222656
2022-04-08,56.725196838378906
2022-04-11,56.79871368408203
2022-04-12,56.50462341308594
2022-04-13,56.74970245361328
2022-04-14,57.06828689575195
2022-04-19,57.39505386352539
2022-04-20,57.43589401245117
2022-04-21,57.640113830566406
2022-04-22,56.66801452636719
2022-04-26,55.540687561035156
2022-04-27,55.09140396118164
2022-04-28,55.761268615722656
2022-04-29,56.398433685302734
2022-05-02,55.70407485961914
2022-05-03,55.540687561035156
2022-05-04,55.41815948486328
2022-05-05,55.940975189208984
2022-05-06,54.63393783569336
2022-05-09,54.053951263427734
2022-05-10,53.57197570800781
2022-05-11,53.67817687988281
2022-05-12,52.746917724609375
2022-05-13,53.77621841430664
2022-05-16,53.99676513671875
2022-05-17,54.13563537597656
2022-05-18,54.65027618408203
2022-05-19,53.83338928222656
2022-05-20,54.446048736572266
2022-05-23,54.45423126220703
2022-05-24,54.28266906738281
2022-05-25,54.49506378173828
2022-05-26,54.11930847167969
2022-05-27,54.69929885864258
2022-05-30,55.49168014526367
2022-05-31,54.91984939575195
2022-06-01,55.0750617980957
2022-06-02,54.62578582763672
2022-06-03,55.14041519165039
2022-06-06,54.87901306152344
2022-06-07,54.053951263427734
2022-06-08,54.266334533691406
2022-06-09,53.49845504760742
2022-06-10,52.84494400024414
2022-06-14,51.04777145385742
2022-06-15,50.288063049316406
2022-06-16,50.24720764160156
2022-06-17,49.29961395263672
2022-06-20,49.095394134521484
2022-06-21,49.71623229980469
2022-06-22,49.83060073852539
2022-06-23,49.7652473449707
2022-06-24,50.08384323120117
2022-06-27,51.11312484741211
2022-06-28,51.52974319458008
2022-06-29,51.150596618652344
2022-06-30,50.11392593383789
2022-07-01,49.928504943847656
2022-07-04,50.484764099121094
2022-07-05,50.69547653198242
2022-07-06,50.27406692504883
2022-07-07,50.72075653076172
2022-07-08,50.973594665527344
2022-07-11,50.38363265991211
2022-07-12,50.40048599243164
2022-07-13,50.476341247558594
2022-07-14,50.737606048583984
2022-07-15,50.35834503173828
2022-07-18,51.024173736572266
2022-07-19,50.737606048583984
2022-07-20,51.53828430175781
2022-07-21,51.841705322265625
2022-07-22,51.8164176940918
2022-07-25,51.79113006591797
2022-07-26,51.934410095214844
2022-07-27,52.11140060424805
2022-07-28,52.5496711730957
2022-07-29,52.99635696411133
2022-08-01,53.3419189453125
2022-08-02,53.40934371948242
2022-08-03,53.19021224975586
2022-08-04,53.22392272949219
2022-08-05,53.544185638427734
2022-08-08,53.577903747558594
2022-08-09,53.62004470825195
2022-08-10,53.333492279052734
2022-08-11,53.93189239501953
2022-08-12,53.670616149902344
2022-08-15,53.96561050415039
2022-08-16,54.269012451171875
2022-08-17,54.53871536254883
2022-08-18,54.39543533325195
2022-08-19,54.43758010864258
2022-08-22,53.89817428588867
2022-08-23,53.27449035644531
2022-08-24,53.611629486083984
2022-08-25,53.99088668823242
2022-08-26,54.45444107055664
2022-08-29,53.39248275756836
2022-08-30,53.64533996582031
2022-08-31,53.577903747558594
2022-09-01,52.85308074951172
2022-09-02,52.70980453491211
2022-09-05,52.903656005859375
2022-09-06,52.861515045166016
2022-09-07,52.128265380859375
2022-09-08,53.13121795654297
2022-09-09,53.502052307128906
2022-09-12,54.04145812988281
2022-09-13,54.40387725830078
2022-09-14,52.962642669677734
2022-09-15,53.13121795654297
2022-09-16,52.35581588745117
2022-09-19,52.24625778198242
2022-09-20,52.87837600708008
2022-09-21,52.086116790771484
2022-09-23,51.116878509521484
2022-09-26,50.35834503173828
2022-09-27,50.53533172607422
2022-09-28,50.27406692504883
2022-09-29,50.97746658325195
2022-09-30,50.350868225097656
2022-10-02,50.17920684814453
2022-10-03,52.01607894897461
2022-10-04,52.93450927734375
2022-10-05,52.96025466918945
2022-10-06,52.59116744995117
2022-10-09,51.84440612792969
2022-10-10,51.672725677490234
2022-10-11,51.70707321166992
2022-10-12,51.62982177734375
2022-10-13,52.56542205810547
2022-10-16,51.827239990234375
2022-10-17,52.75424575805664
2022-10-18,52.86583709716797
2022-10-19,52.25640869140625
2022-10-20,51.87873458862305
2022-10-23,52.71133804321289
2022-10-24,52.85725784301758
2022-10-25,52.93450927734375
2022-10-26,53.25210189819336
2022-10-27,52.737083435058594
2022-10-30,53.33793640136719
2022-10-31,54.2477912902832
2022-11-01,54.35079574584961
2022-11-02,53.3035888671875
2022-11-03,53.5696907043457
2022-11-06,53.947364807128906
2022-11-07,54.170536041259766
2022-11-08,54.51387405395508
2022-11-09,54.204864501953125
2022-11-10,55.741329193115234
2022-11-13,55.62114715576172
2022-11-14,55.64690399169922
2022-11-15,55.52672576904297
2022-11-16,55.68122863769531
2022-11-17,55.82715606689453
2022-11-20,55.72414779663086
2022-11-21,56.01599884033203
2022-11-22,56.41083908081055
2022-11-23,56.59108352661133
2022-11-24,56.642581939697266
2022-11-27,56.41083908081055
2022-11-28,56.582496643066406
2022-11-29,56.85715866088867
2022-11-30,57.37218475341797
2022-12-01,57.020259857177734
2022-12-04,57.20051193237305
2022-12-05,56.95158767700195
2022-12-06,56.42799377441406
2022-12-07,56.01599884033203
2022-12-08,56.29924011230469
2022-12-11,56.06748962402344
2022-12-12,56.213409423828125
2022-12-13,56.608253479003906
2022-12-14,56.239158630371094
2022-12-15,55.8014030456543
2022-12-18,55.6640625
2022-12-19,54.8486328125
2022-12-20,55.509559631347656
2022-12-21,55.82715606689453
2022-12-22,55.45806884765625
2022-12-27,55.26921844482422
2022-12-28,54.84235382080078
2022-12-29,55.00690460205078
2023-01-02,54.27936553955078
2023-01-03,55.102176666259766
2023-01-04,55.240760803222656
2023-01-05,55.57853698730469
2023-01-08,55.88167953491211
2023-01-09,55.71711730957031
2023-01-10,56.245452880859375
2023-01-11,56.90369415283203
2023-01-12,57.293453216552734
2023-01-15,57.76115036010742
2023-01-16,57.743831634521484
2023-01-17,57.75248718261719
2023-01-18,58.11626434326172
2023-01-19,58.24617385864258
2023-01-22,58.272159576416016
2023-01-23,58.57529067993164
2023-01-24,58.3847541809082
2023-01-26,58.506011962890625
2023-01-29,58.48001480102539
2023-01-30,58.428062438964844
2023-01-31,58.62725830078125
2023-02-01,58.7138786315918
2023-02-02,59.11229705810547
2023-02-05,58.913082122802734
2023-02-06,58.57529067993164
2023-02-07,58.85244369506836
2023-02-08,58.549312591552734
2023-02-09,58.09027099609375
2023-02-12,57.96035385131836
2023-02-13,58.081607818603516
2023-02-14,57.50998306274414
2023-02-15,57.94303512573242
2023-02-16,57.46666717529297
2023-02-19,57.49265670776367
2023-02-20,57.42337417602539
2023-02-21,57.284786224365234
2023-02-22,57.154869079589844
2023-02-23,57.284786224365234
2023-02-26,56.71315002441406
2023-02-27,56.99031066894531
2023-02-28,57.016292572021484
2023-03-01,57.007633209228516
2023-03-02,57.24148178100586
2023-03-05,57.65721130371094
2023-03-06,57.95170211791992
2023-03-07,57.605247497558594
2023-03-08,57.92570877075195
2023-03-09,56.600555419921875
2023-03-12,56.27143096923828
2023-03-13,55.4486198425293
2023-03-14,55.924991607666016
2023-03-15,55.188785552978516
2023-03-16,55.40531921386719
2023-03-19,54.68645095825195
2023-03-20,55.11949920654297
2023-03-21,55.621849060058594
2023-03-22,55.240760803222656
2023-03-23,55.14548110961914
2023-03-26,55.206119537353516
2023-03-27,55.71711730957031
2023-03-28,55.88167953491211
2023-03-29,56.42919921875
2023-03-30,56.85814666748047
2023-04-03,57.25208282470703
2023-04-04,57.348384857177734
2023-04-05,57.339630126953125
2023-04-06,57.173301696777344
2023-04-11,57.9261589050293
2023-04-12,58.18001937866211
2023-04-13,57.978675842285156
2023-04-14,58.320098876953125
2023-04-17,58.495174407958984
2023-04-18,58.320098876953125
2023-04-19,58.33759689331055
2023-04-20,58.328853607177734
2023-04-21,58.074974060058594
2023-04-24,58.004940032958984
2023-04-26,57.96116638183594
2023-04-27,57.77734375
2023-04-28,57.93490982055664
2023-05-01,58.14501190185547
2023-05-02,57.58474349975586
2023-05-03,57.00697708129883
2023-05-04,56.99821853637695
2023-05-05,57.14703369140625
2023-05-08,57.637264251708984
2023-05-09,57.55848693847656
2023-05-10,57.55848693847656
2023-05-11,57.55848693847656
2023-05-12,57.62851333618164
2023-05-15,57.79483413696289
2023-05-16,57.55848693847656
2023-05-17,57.26084899902344
2023-05-18,57.58474349975586
2023-05-19,57.93490982055664
2023-05-22,57.803585052490234
2023-05-23,57.78609085083008
2023-05-24,57.383399963378906
2023-05-25,56.81438064575195
2023-05-26,56.92818832397461
2023-05-29,57.43592834472656
2023-05-30,57.39215087890625
2023-05-31,56.43795394897461
2023-06-01,56.59553146362305
2023-06-02,56.85814666748047
2023-06-05,57.43592834472656
2023-06-06,56.744354248046875
2023-06-07,56.67431640625
2023-06-08,56.50798797607422
2023-06-09,56.68306350708008
2023-06-13,56.83189010620117
2023-06-14,57.00697708129883
2023-06-15,57.12953186035156
2023-06-16,57.73356246948242
2023-06-19,58.06622314453125
2023-06-20,58.573970794677734
2023-06-21,58.2325439453125
2023-06-22,57.278350830078125
2023-06-23,56.52549743652344
2023-06-26,56.35916519165039
2023-06-27,56.67431640625
2023-06-28,57.29585266113281
2023-06-29,57.36357116699219
2023-06-30,57.39895248413086
2023-07-03,57.770469665527344
2023-07-04,58.00929641723633
2023-07-05,57.823543548583984
2023-07-06,57.1247444152832
2023-07-07,56.16057586669922
2023-07-10,55.86866760253906
2023-07-11,56.66476821899414
2023-07-12,56.930137634277344
2023-07-13,57.770469665527344
2023-07-14,58.23043441772461
2023-07-17,58.20389938354492
2023-07-18,58.08007049560547
2023-07-19,58.398494720458984
2023-07-20,58.41619110107422
2023-07-21,58.33658218383789
2023-07-24,58.25697326660156
2023-07-25,58.50464630126953
2023-07-26,59.0176887512207
2023-07-27,59.4599723815918
2023-07-28,59.04422378540039
2023-07-31,59.07960510253906
2023-08-01,59.39805221557617
2023-08-02,58.63734436035156
2023-08-03,58.292362213134766
2023-08-04,58.41619110107422
2023-08-07,58.26581954956055
2023-08-08,58.25697326660156
2023-08-09,58.531185150146484
2023-08-10,58.699241638183594
2023-08-11,58.54888153076172
2023-08-14,58.08007049560547
2023-08-15,58.274658203125
2023-08-16,57.531639099121094
2023-08-17,57.13357925415039
2023-08-18,57.142425537109375
2023-08-21,56.92127990722656
2023-08-22,56.97437286376953
2023-08-23,57.160125732421875
2023-08-24,57.48740768432617
2023-08-25,56.912445068359375
2023-08-28,57.3370361328125
2023-08-29,57.74392318725586
2023-08-30,58.49579620361328
2023-08-31,58.66386413574219
2023-09-01,58.469268798828125
2023-09-04,58.81424331665039
2023-09-05,58.778865814208984
2023-09-06,58.363128662109375
2023-09-07,57.87661361694336
2023-09-08,57.77931594848633
2023-09-11,58.05351257324219
2023-09-12,58.212745666503906
2023-09-13,57.814701080322266
2023-09-14,58.08007049560547
2023-09-15,58.81424331665039
2023-09-18,58.43388366699219
2023-09-19,58.17735290527344
2023-09-20,57.8942985534668
2023-09-21,57.11589813232422
2023-09-22,57.13357925415039
2023-09-25,57.21318817138672
2023-09-26,56.930137634277344
2023-09-27,56.85052490234375
2023-09-28,56.785125732421875
2023-09-29,56.95576095581055
2023-10-01,56.883914947509766
2023-10-02,56.0936164855957
2023-10-03,55.7164192199707
2023-10-04,56.03074645996094
2023-10-05,56.219337463378906
2023-10-08,56.372013092041016
2023-10-09,56.91983413696289
2023-10-10,57.29702377319336
2023-10-11,57.341941833496094
2023-10-12,57.01863479614258
2023-10-15,56.812068939208984
2023-10-16,57.03658676147461
2023-10-17,57.20722198486328
2023-10-18,56.40793991088867
2023-10-19,55.80623245239258
2023-10-22,55.35719299316406
2023-10-23,55.44700622558594
2023-10-24,55.429039001464844
2023-10-25,55.105735778808594
2023-10-26,55.177574157714844
2023-10-29,54.791404724121094
2023-10-30,54.8183479309082
2023-10-31,55.267391204833984
2023-11-01,55.761329650878906
2023-11-02,56.41691589355469
2023-11-05,56.560604095458984
2023-11-06,56.425907135009766
2023-11-07,56.54264450073242
2023-11-08,56.80309295654297
2023-11-09,56.49774932861328
2023-11-12,56.273231506347656
2023-11-13,56.79411315917969
2023-11-14,57.62034225463867
2023-11-15,57.30601501464844
2023-11-16,57.24314498901367
2023-11-19,57.29702377319336
2023-11-20,57.485626220703125
2023-11-21,57.44969940185547
2023-11-22,57.099456787109375
2023-11-23,57.18027877807617
2023-11-26,56.758182525634766
2023-11-27,56.95576095581055
2023-11-28,57.108436584472656
2023-11-29,57.50358581542969
2023-11-30,57.458683013916016
2023-12-03,57.862815856933594
2023-12-04,57.37785720825195
2023-12-05,58.347782135009766
2023-12-06,58.26694869995117
2023-12-07,58.43757629394531
2023-12-10,58.4735107421875
2023-12-11,58.75190734863281
2023-12-12,58.967445373535156
2023-12-13,59.92838668823242
2023-12-14,60.42232131958008
2023-12-17,60.32353591918945
2023-12-18,60.81747817993164
2023-12-19,61.21263885498047
2023-12-20,60.943206787109375
2023-12-21,60.91626739501953
2023-12-26,61.4191780090332
2023-12-27,61.93346405029297
2023-12-28,61.70713424682617
2024-01-01,61.9968376159668
2024-01-02,61.15487289428711
2024-01-03,60.9466438293457
2024-01-04,60.9013786315918
2024-01-07,60.611671447753906
2024-01-08,61.15487289428711
2024-01-09,60.75652313232422
2024-01-10,61.03717803955078
2024-01-11,60.9466438293457
2024-01-14,60.95570755004883
2024-01-15,60.30385971069336
2024-01-16,60.13185501098633
2024-01-17,59.75162124633789
2024-01-18,60.349124908447266
2024-01-21,60.79273986816406
2024-01-22,61.11865997314453
2024-01-23,61.17298889160156
2024-01-24,61.45363235473633
2024-01-28,61.643741607666016
2024-01-29,61.806697845458984
2024-01-30,62.440425872802734
2024-01-31,61.7161750793457
2024-02-01,62.62150573730469
2024-02-04,62.023990631103516
2024-02-05,61.689022064208984
2024-02-06,61.96061325073242
2024-02-07,62.13262939453125
2024-02-08,62.16884231567383
2024-02-11,61.924407958984375
2024-02-12,61.87007522583008
2024-02-13,61.3902587890625
2024-02-14,61.87007522583008
2024-02-15,62.277488708496094
2024-02-18,62.35896301269531
2024-02-19,62.35896301269531
2024-02-20,62.04209899902344
2024-02-21,62.078304290771484
2024-02-22,62.340850830078125
2024-02-25,62.47665786743164
2024-02-26,62.549068450927734
2024-02-27,62.6033935546875
2024-02-28,62.9293212890625
2024-02-29,63.35482406616211
2024-03-03,63.27334213256836
2024-03-04,63.219017028808594
2024-03-05,63.36386489868164
2024-03-06,63.87086486816406
2024-03-07,64.5407943725586
2024-03-10,63.33671569824219
2024-03-11,63.42724609375
2024-03-12,63.608306884765625
2024-03-13,63.454402923583984
2024-03-14,62.98362731933594
2024-03-17,63.17375183105469
2024-03-18,63.400089263916016
2024-03-19,63.33671569824219
2024-03-20,64.07002258300781
2024-03-21,63.9251823425293
2024-03-24,64.35973358154297
2024-03-25,64.06096649169922
2024-03-26,64.3429946899414
2024-03-27,65.0103759765625
2024-04-01,64.9098129272461
2024-04-02,64.03215026855469
2024-04-03,64.37042999267578
2024-04-04,63.97731399536133
2024-04-08,64.12358856201172
2024-04-09,64.42527770996094
2024-04-10,64.6081314086914
2024-04-11,64.32471466064453
2024-04-12,64.09615325927734
2024-04-15,63.812744140625
2024-04-16,62.66998291015625
2024-04-17,62.61510467529297
2024-04-18,62.90766143798828
2024-04-19,62.28599166870117
2024-04-22,62.989952087402344
2024-04-23,63.255069732666016
2024-04-24,63.29164123535156
2024-04-26,62.37742233276367
2024-04-29,62.898529052734375
2024-04-30,63.1179313659668
2024-05-01,62.340850830078125
2024-05-02,62.487125396728516
2024-05-03,62.83452606201172
2024-05-06,63.255069732666016
2024-05-07,64.24242401123047
2024-05-08,64.3429946899414
2024-05-09,63.72132873535156
2024-05-10,63.94987869262695
2024-05-13,64.0870132446289
2024-05-14,63.87675094604492
2024-05-15,64.12358856201172
2024-05-16,65.24808502197266
2024-05-17,64.58983612060547
2024-05-20,65.0286636352539
2024-05-21,64.91896057128906
2024-05-22,64.89154052734375
2024-05-23,64.6538314819336
2024-05-24,63.91332244873047
2024-05-27,64.4161376953125
2024-05-28,64.24242401123047
2024-05-29,63.39220428466797
2024-05-30,63.08137512207031
2024-05-31,63.72132873535156
2024-06-03,64.19671630859375
2024-06-04,64.03215026855469
2024-06-05,64.23329162597656
2024-06-06,64.69953155517578
2024-06-07,65.0286636352539
2024-06-11,64.16015625
2024-06-12,63.83103561401367
2024-06-13,64.1418685913086
2024-06-14,63.89503479003906
2024-06-17,63.72132873535156
2024-06-18,64.33386993408203
2024-06-19,64.22415924072266
2024-06-20,64.27899932861328
2024-06-21,64.48011779785156
2024-06-24,63.98644256591797
2024-06-25,64.84581756591797
2024-06-26,64.36128234863281
2024-06-27,64.26142120361328
2024-06-28,64.34427642822266
2024-07-01,64.19696807861328
2024-07-02,63.92073059082031
2024-07-03,64.09568786621094
2024-07-04,64.87834167480469
2024-07-05,64.77706146240234
2024-07-08,64.31666564941406
2024-07-09,64.81388092041016
2024-07-10,64.72180938720703
2024-07-11,65.34794616699219
2024-07-12,65.91883087158203
2024-07-15,66.41605377197266
2024-07-16,66.26873779296875
2024-07-17,66.76594543457031
2024-07-18,66.56338500976562
2024-07-19,66.01091766357422
2024-07-22,65.69783020019531
2024-07-23,66.0477523803711
2024-07-24,65.92803955078125
2024-07-25,65.11774444580078
2024-07-26,65.63337707519531
2024-07-29,66.15823364257812
2024-07-30,65.86357879638672
2024-07-31,67.04218292236328
2024-08-01,67.2447509765625
2024-08-02,65.73467254638672
2024-08-05,63.368255615234375
2024-08-06,63.64451599121094
2024-08-07,63.84707260131836
2024-08-08,63.62608337402344
2024-08-09,64.46399688720703
2024-08-12,64.72180938720703
2024-08-13,64.84150695800781
2024-08-14,65.05329132080078
2024-08-15,65.2374496459961
2024-08-16,66.0477523803711
2024-08-19,66.17664337158203
2024-08-20,66.3423843383789
2024-08-21,66.49893188476562
2024-08-22,66.74754333496094
2024-08-23,66.66466522216797
2024-08-26,67.16188049316406
2024-08-27,67.07902526855469
2024-08-28,67.02377319335938
2024-08-29,66.94088745117188
2024-08-30,67.30921173095703
2024-09-02,67.4749526977539
2024-09-03,67.5025863647461
2024-09-04,66.27793884277344
2024-09-05,66.6278305053711
2024-09-06,66.83039855957031
2024-09-09,66.6830825805664
2024-09-10,66.94088745117188
2024-09-11,66.70149993896484
2024-09-12,67.63148498535156
2024-09-13,67.83406829833984
2024-09-16,68.00900268554688
2024-09-17,68.2023696899414
2024-09-18,68.19315338134766
2024-09-19,68.6075210571289
2024-09-20,68.75483703613281
2024-09-23,68.33128356933594
2024-09-24,68.23920440673828
2024-09-25,68.09188079833984
2024-09-26,68.75483703613281
2024-09-27,68.84874725341797
2024-09-30,69.93855285644531
2024-10-01,69.44107818603516
2024-10-02,69.34720611572266
2024-10-03,69.39414978027344
2024-10-04,68.92481231689453
2024-10-06,69.42229461669922
2024-10-07,69.22518920898438
2024-10-08,69.29088592529297
2024-10-09,69.51615905761719
2024-10-10,69.5349349975586
2024-10-13,69.79776763916016
2024-10-14,70.44542694091797
2024-10-15,70.1544418334961
2024-10-16,70.72701263427734
2024-10-17,70.13567352294922
2024-10-20,70.66130828857422
2024-10-21,69.43168640136719
2024-10-22,69.5630874633789
2024-10-23,69.50678253173828
2024-10-24,69.51615905761719
2024-10-27,69.60063934326172
2024-10-28,69.82591247558594
2024-10-29,69.26272583007812
2024-10-30,69.04683685302734
2024-10-31,68.70891571044922
2024-11-03,69.16887664794922
2024-11-04,68.8591079711914
2024-11-05,69.45984649658203
2024-11-06,69.76959991455078
2024-11-07,70.34217071533203
2024-11-10,70.0699691772461
2024-11-11,70.06057739257812
2024-11-12,69.61941528320312
2024-11-13,69.94792938232422
2024-11-14,70.39849090576172
2024-11-17,70.66130828857422
2024-11-18,71.16817474365234
2024-11-19,70.72701263427734
2024-11-20,70.68946838378906
2024-11-21,71.35590362548828
2024-11-24,71.56240844726562
2024-11-25,71.07432556152344
2024-11-26,71.43099212646484
2024-11-27,71.80645751953125
2024-11-28,71.67505645751953
2024-12-01,71.78768920898438
2024-12-02,72.2194595336914
2024-12-03,71.90971374511719
2024-12-04,72.07866668701172
2024-12-05,71.59056091308594
2024-12-08,71.59056091308594
2024-12-09,71.3371353149414
2024-12-10,71.03675842285156
2024-12-11,70.81149291992188
2024-12-12,70.5111312866211
2024-12-15,70.10751342773438
2024-12-16,70.68946838378906
2024-12-17,70.67070007324219
2024-12-18,69.51615905761719
2024-12-19,68.61505889892578
2024-12-22,69.71327209472656
2024-12-23,69.91039276123047
2024-12-26,70.23892974853516
2024-12-29,70.09716033935547
2024-12-30,69.47119903564453
2025-01-01,69.82213592529297
2025-01-02,70.23943328857422
2025-01-05,70.2489013671875
2025-01-06,70.4955062866211
2025-01-07,71.04556274414062
2025-01-08,70.85588836669922
2025-01-09,70.58084869384766
2025-01-12,69.7177963256836
2025-01-13,70.02129364013672
2025-01-14,69.95489501953125
2025-01-15,70.85588836669922
2025-01-16,70.73259735107422
2025-01-19,71.0550537109375
2025-01-20,71.52925872802734
2025-01-21,71.78533172607422
2025-01-22,71.31112670898438
2025-01-23,71.60514068603516
2025-01-27,71.48184204101562
2025-01-28,71.89913940429688
2025-01-29,72.32593536376953
2025-01-30,72.7052993774414
2025-02-02,71.32061004638672
2025-02-03,71.28266906738281
2025-02-04,71.66203308105469
2025-02-05,72.49664306640625
2025-02-06,72.45870971679688
2025-02-09,72.17418670654297
2025-02-10,72.23108673095703
2025-02-11,72.61993408203125
2025-02-12,72.7527084350586
2025-02-13,72.8570327758789
2025-02-16,72.69580078125
2025-02-17,72.27851104736328
2025-02-18,71.82327270507812
2025-02-19,70.96021270751953
2025-02-20,70.85588836669922
2025-02-23,70.91279602050781
2025-02-24,70.51445770263672
2025-02-25,70.51445770263672
2025-02-26,70.70415496826172
2025-02-27,70.0876693725586
2025-03-02,70.5334243774414
2025-03-03,70.1256103515625
2025-03-04,69.62295532226562
2025-03-05,69.55656433105469
2025-03-06,68.3236312866211
2025-03-09,68.45641326904297
2025-03-10,67.8589096069336
2025-03-11,67.01481628417969
2025-03-12,66.73029327392578
2025-03-13,67.04326629638672
2025-03-16,67.555419921875
2025-03-17,67.68819427490234
2025-03-18,67.3372802734375
2025-03-19,68.18135833740234
2025-03-20,68.28569030761719
2025-03-23,68.34259033203125
2025-03-24,68.34259033203125
2025-03-25,68.854736328125
2025-03-26,68.65557861328125
2025-03-27,68.59628295898438
2025-03-30,67.49774932861328
2025-03-31,68.21419525146484
2025-04-01,68.29059600830078
2025-04-02,67.66014099121094
2025-04-03,65.98845672607422
2025-04-07,63.25645446777344
2025-04-08,64.67021942138672
2025-04-09,63.457054138183594
2025-04-10,66.38966369628906
2025-04-11,65.83561706542969
2025-04-14,66.70489501953125
2025-04-15,66.88639068603516
2025-04-16,66.81952667236328
2025-04-17,67.33535766601562
2025-04-22,67.30670166015625
2025-04-23,68.20463562011719
2025-04-24,68.66315460205078
2025-04-28,68.9019546508789
2025-04-29,69.47511291503906
2025-04-30,69.924072265625
2025-05-01,70.13422393798828
2025-05-02,70.96529388427734
2025-05-05,70.27751922607422
2025-05-06,70.1915512084961
2025-05-07,70.46856689453125
2025-05-08,70.65962219238281
2025-05-09,70.974853515625
2025-05-12,71.04170989990234
2025-05-13,71.44291687011719
2025-05-14,71.5097885131836
2025-05-15,71.65308380126953
2025-05-16,72.06383514404297
2025-05-19,71.7294921875
2025-05-20,72.23577880859375
2025-05-21,72.48414611816406
2025-05-22,72.14025115966797
2025-05-23,72.2548828125
2025-05-26,72.27398681640625
2025-05-27,72.68473815917969
2025-05-28,72.57010650634766
2025-05-29,72.66564178466797
2025-05-30,72.88534545898438
2025-06-02,72.71339416503906
2025-06-03,73.20057678222656
2025-06-04,73.83103942871094
2025-06-05,73.78327178955078
2025-06-06,73.61132049560547
2025-06-10,74.21314239501953
2025-06-11,74.25135040283203
2025-06-12,74.02207946777344
2025-06-13,73.88835144042969
2025-06-16,73.87879943847656
2025-06-17,73.80237579345703
2025-06-18,73.75462341308594
2025-06-19,73.72595977783203
2025-06-20,73.5062484741211
2025-06-23,73.26744079589844
2025-06-24,73.96477508544922
2025-06-25,73.93611145019531
2025-06-26,73.90745544433594
2025-06-27,73.74048614501953
2025-06-30,73.94283294677734
2025-07-01,73.93318939208984
2025-07-02,74.41497039794922
2025-07-03,74.38604736328125
2025-07-04,74.482421875
2025-07-07,74.34752655029297
2025-07-08,74.33788299560547
2025-07-09,73.93318939208984
2025-07-10,74.34752655029297
2025-07-11,74.28007507324219
2025-07-14,74.20298767089844
2025-07-15,74.73294067382812
2025-07-16,74.08736419677734
2025-07-17,74.76184844970703
2025-07-18,75.8121109008789
2025-07-21,75.0316390991211
2025-07-22,75.0894546508789
2025-07-23,75.62903594970703
2025-07-24,75.38814544677734
2025-07-25,75.0316390991211
2025-07-28,75.30143737792969
2025-07-29,75.349609375
2025-07-30,75.7928466796875
2025-07-31,75.66757202148438
2025-08-01,74.99310302734375
2025-08-04,74.98346710205078
2025-08-05,75.96627807617188
2025-08-06,76.5540542602539
2025-08-07,76.43842315673828
2025-08-08,76.23607635498047
2025-08-11,76.60222625732422
2025-08-12,76.88166046142578
2025-08-13,76.44805908203125
2025-08-14,76.82384490966797
2025-08-15,77.4212417602539
2025-08-18,77.57540893554688
2025-08-19,77.1321792602539
2025-08-20,77.45979309082031
2025-08-21,78.28844451904297
2025-08-22,77.88375091552734
2025-08-25,77.9415512084961
2025-08-26,77.59468078613281
2025-08-27,77.84520721435547
2025-08-28,78.08609008789062
2025-08-29,78.02828216552734
2025-09-01,77.62358856201172
2025-09-02,77.44052124023438
2025-09-03,76.12045288085938
2025-09-04,77.05509185791016
2025-09-05,77.46941375732422
2025-09-08,77.29598236083984
2025-09-09,76.88166046142578
2025-09-10,77.14180755615234
2025-09-11,76.9298324584961
2025-09-12,77.49832916259766
2025-09-15,77.392333984375
2025-09-16,77.61395263671875
2025-09-17,77.00691986083984
2025-09-18,76.47696685791016
2025-09-19,76.66002655029297
2025-09-22,76.98765563964844
2025-09-23,77.30561828613281
2025-09-24,76.61186218261719
2025-09-25,76.6985855102539
2025-09-26,76.8045654296875
2025-09-29,77.49918365478516
2025-09-30,77.2947006225586
2025-10-01,77.3141860961914
2025-10-02,78.33659362792969
2025-10-03,78.65792846679688
2025-10-05,78.46318817138672
2025-10-06,78.2781753540039
2025-10-07,78.16131591796875
2025-10-08,78.42424011230469
2025-10-09,78.2684326171875
2025-10-12,77.70367431640625
2025-10-13,77.83025360107422
2025-10-14,78.59950256347656
2025-10-15,79.26164245605469
2025-10-16,78.61896514892578
2025-10-19,78.92083740234375
2025-10-20,79.50507354736328
2025-10-21,78.97925567626953
2025-10-22,79.00846862792969
2025-10-26,79.1837387084961
2025-10-27,78.90135955810547
2025-10-28,78.07369232177734
2025-10-29,77.76209259033203
2025-10-30,77.7134017944336
2025-11-02,77.76209259033203
2025-11-03,77.70367431640625
2025-11-04,77.08049011230469
2025-11-05,77.2947006225586
2025-11-06,76.74942016601562
2025-11-09,77.32391357421875
2025-11-10,77.26548767089844
2025-11-11,77.11943054199219
2025-11-12,76.73967742919922
2025-11-13,75.81463623046875
2025-11-16,75.83411407470703
2025-11-17,74.4027328491211
2025-11-18,74.13007354736328
2025-11-19,75.1135482788086
2025-11-20,73.88664245605469
2025-11-23,74.76300048828125
2025-11-24,74.9869613647461
2025-11-25,75.58094024658203
2025-11-26,75.62963104248047
2025-11-27,75.61988830566406
2025-11-30,75.18170928955078
2025-12-01,75.34724426269531
2025-12-02,75.42514038085938
2025-12-03,75.62963104248047
2025-12-04,75.83411407470703
2025-12-07,75.75621032714844
2025-12-08,75.33750915527344
2025-12-09,75.30829620361328
2025-12-10,75.45435333251953
2025-12-11,76.35018920898438
2025-12-14,75.73673248291016
2025-12-15,75.45435333251953
2025-12-16,75.25961303710938
2025-12-17,75.43488311767578
2025-12-18,75.67831420898438
2025-12-21,76.36965942382812
2025-12-22,77.26548767089844
2025-12-23,76.91494750976562
2025-12-28,76.67151641845703
2025-12-29,76.66277313232422
2025-12-30,76.56452941894531
2026-01-01,76.7315444946289
2026-01-04,76.8003158569336
2026-01-05,76.38768005371094
2026-01-06,76.42697143554688
2026-01-07,76.67259216308594
2026-01-08,76.56452941894531
2026-01-11,77.04593658447266
2026-01-12,77.45857238769531
2026-01-13,77.55683135986328
2026-01-14,77.90069580078125
2026-01-15,78.36245727539062
2026-01-18,78.00877380371094
2026-01-19,77.50770568847656
2026-01-20,77.24243927001953
2026-01-21,77.81227111816406
2026-01-22,77.90069580078125
2026-01-26,78.73580169677734
2026-01-27,78.60807800292969
2026-01-28,78.46070861816406
2026-01-29,78.06771087646484
2026-02-01,77.22278594970703
2026-02-02,77.9105224609375
2026-02-03,78.5196533203125
2026-02-04,78.215087890625
2026-02-05,76.54487609863281
2026-02-08,77.99893951416016
2026-02-09,78.11683654785156
2026-02-10,79.25651550292969
2026-02-11,79.511962890625
2026-02-12,78.45088195800781
2026-02-15,78.63755798339844
2026-02-16,78.85369873046875
2026-02-17,79.3547592163086
2026-02-18,80.06214141845703
2026-02-19,80.01302337646484
2026-02-22,79.511962890625
2026-02-23,79.58073425292969
2026-02-24,80.48460388183594
2026-02-25,80.98567962646484
2026-02-26,81.18216705322266
2026-03-01,81.2607650756836
2026-03-02,80.13092041015625
2026-03-03,78.6768569946289
2026-03-04,79.3547592163086
2026-03-05,78.5196533203125
2026-03-08,76.2894287109375
2026-03-09,77.18348693847656
2026-03-10,77.6845474243164
2026-03-11,76.5154037475586
2026-03-12,76.54487609863281
2026-03-15,76.2894287109375
2026-03-16,76.57434844970703
2026-03-17,76.84944915771484
2026-03-18,75.51326751708984
2026-03-19,74.9139633178711
2026-03-22,74.403076171875
2026-03-23,74.47184753417969
2026-03-24,75.82766723632812
2026-03-25,75.7588882446289
2026-03-26,75.74906158447266
2026-03-29,75.2146224975586
2026-03-30,75.41260528564453
2026-03-31,77.11528015136719
2026-04-01,76.27384948730469
2026-04-07,77.52114868164062
2026-04-08,79.59009552001953
2026-04-09,79.72869110107422
2026-04-10,79.5999984741211
2026-04-13,79.28321838378906
2026-04-14,79.8078842163086
2026-04-15,79.85737609863281
2026-04-16,79.5802001953125
2026-04-17,79.5604019165039
2026-04-20,79.61979675292969
2026-04-21,79.54059600830078
2026-04-22,78.59027099609375
2026-04-23,78.16460418701172
2026-04-24,78.13490295410156
2026-04-27,77.87752532958984
2026-04-28,77.40235900878906
2026-04-29,77.4122543334961
2026-04-30,77.01628875732422
2026-05-01,77.600341796875
2026-05-04,77.31326293945312
2026-05-05,77.14498138427734
2026-05-06,78.19429779052734
2026-05-07,78.95654296875
2026-05-08,77.86763000488281
2026-05-11,77.58055114746094
2026-05-12,77.24397277832031
2026-05-13,76.9469985961914
2026-05-14,77.05587768554688
2026-05-15,76.91728973388672
2026-05-18,75.95706939697266
2026-05-19,76.68961334228516
2026-05-20,75.80857849121094
2026-05-21,76.90739440917969
2026-05-22,77.23406982421875
2026-05-25,77.58055114746094
2026-05-26,77.24397277832031
2026-05-27,77.73892974853516
2026-05-28,76.72920989990234
2026-05-29,77.75873565673828
2026-06-01,77.91712188720703
2026-06-02,77.86763000488281
2026-06-03,78.4120864868164
2026-06-04,77.4716567993164
2026-06-05,76.9469985961914
2026-06-09,76.77870178222656
2026-06-10,77.18457794189453
2026-06-11,76.97669219970703
2026-06-12,78.53087615966797
2026-06-15,79.54059600830078
2026-06-16,79.54059600830078
2026-06-17,79.97616577148438
2026-06-18,79.51090240478516
2026-06-19,78.80805206298828
2026-06-22,78.67936706542969
2026-06-23,78.44178009033203
2026-06-24,78.58036804199219
2026-06-25,78.18440246582031
2026-06-26,78.25370025634766
2026-06-29,78.79000091552734
2026-06-30,78.4000015258789
2026-07-01,77.91000366210938
2026-07-02,77.91999816894531
2026-07-03,78.98999786376953
2026-07-06,78.81999969482422
2026-07-07,78.5999984741211
2026-07-08,78.4000015258789
2026-07-09,78.27999877929688
2026-07-10,78.58999633789062
2026-07-13,78.6500015258789
2026-07-14,78.62000274658203
2026-07-15,78.87999725341797
2026-07-16,78.91000366210938
2026-07-17,78.5
2026-07-20,78.5
2026-07-21,78.45999908447266
2026-07-22,78.77999877929688
2026-07-23,78.94000244140625
2026-07-24,78.31999969482422
2026-07-27,79.44000244140625
2026-07-28,79.87000274658203
2026-07-29,80.69999694824219
2026-07-30,80.05999755859375
2026-07-31,80.22000122070312
2026-08-03,80.55999755859375
2026-08-04,81.69999694824219
2026-08-05,82.37999725341797
2026-08-06,82.75
2026-08-07,82.73999786376953
2026-08-10,82.47000122070312
2026-08-11,82.62999725341797
2026-08-12,82.19999694824219
2026-08-13,82.1500015258789
2026-08-14,81.41000366210938
2026-08-17,81.06999969482422
2026-08-18,81.1500015258789
2026-08-19,81.05000305175781
2026-08-20,81.29000091552734
2026-08-21,81.08999633789062
2026-08-24,81.52999877929688
2026-08-25,82.12000274658203
2026-08-26,81.80999755859375
2026-08-27,80.94999694824219
